Component ID,Category,Brand,Type,Type FD,Component Type,Item,Finish,Description,Link to Item URL,Photos,Base Price,Quote Line Items,Openings H,Hardware Set Items,Price Overrides,Override Price (from Price Overrides),Markup Settings,Component Summary,C_Record_ID,Openings,Table 17,Openings 2,Openings 3,Auto Number,Hardware Set Items copy,Hardware Staging,Image,Hardware Items,Openings 4
"Hardware: Hager, Door Push/Pull, 13J, US32D",Hardware,Hager,Door Push/Pull,,Door Push/Pull,13J,US32D,Hager 13J Push/Pull Set - Round,,,,"220,225,432","ID_P_214,ID_N_123,ID_H_G03","""""""Hardware: Hager, Door Push/Pull, 13J, US32D"""", """"Hardware: Hager, Door Pull, 34J 4x16, US26D"""""",""""""Hardware: Hager, Door Push/Pull, 13J, US32D"""", """"Hardware: Hager, Hinges, ECBB1100 4.5x4.5, US26""""""",,,,"Project A _Brooklyn NY ,Home 2 Suites & Tru by Hilton_VA 24201",rec4fCVFAUqVQ1xXe,,,,,3433,,,,,
"Hardware: Hager, Exit Device Lever, 45CE REV 2 WTN NC, US26D",Hardware,Hager,Exit Device Lever,,Exit Device,45CE REV 2 WTN NC,US26D,Hager 45 Cylinder Escutcheon Trim Warren Lever NC,,,,,,,,,,,rec0F9cGdhm8TL9W9,,,,,2547,,,,,
"Hardware: Hager, Flush Bolt, 293D, US32D",Hardware,Hager,Flush Bolt,,Flush Bolt,293D,US32D,Hager 293D Constant Latching Flush Bolt Set for Inactive Metal Doors,,,,,,,,,,,rec0GvUfrFR1ZHDfO,,,,,3453,,,,,
"Hardware: Hager, Wall Stop, 236W, US32D",Hardware,Hager,Wall Stop,,Wall Stop,236W,US32D,Hager 236W Concave Wall Stop,,,,,,,,,,,rec0KOV5p3PbKNsoF,,,,,3450,,,,,
"Hardware: Hager, Exit Device, 4501 LBR FR 36x84 EO w/BOLT, US26D",Hardware,Hager,Exit Device,,Exit Device,4501 LBR FR 36x84 EO w/BOLT,US26D,Hager 4501 Fire Rated Surface Vertical Exit Rod Less Bottom Rod Device 36x84 EO with Bolt,,,,,,,,,,,rec0TRtTZhxNvnyZn,,,,,2645,,,,,
"Hardware: Hager, Levers, 3573 2-3/4 26D.AUG.SCC.SK.ASA R1, US26D",Hardware,Hager,Levers,,,3573 2-3/4 26D.AUG.SCC.SK.ASA R1,US26D,Hager 3573 Corridor/Dormitory 2-3/4 AUG SCC SK ASA R1,,,,,,,,,,,rec0ThFPvQPeJtoQ8,,,,,2614,,,,,
"Hardware: Hager, Closer, 5100 PAR ADJ 1-6 BLK BF HDHOS, BLK",Hardware,Hager,Closer,,Closer,5100 PAR ADJ 1-6 BLK BF HDHOS,BLK,Hager 5100 Grade 1 Closer with Adjustable Parallel Arm,,,,,,,,,,,rec0WHex8UDpsr9xX,,,,,307,,,,,
"Hardware: Hager, Locks, 3901 RIM CYLINDER NC IC7, US26D",Hardware,Hager,Locks,,,3901 RIM CYLINDER NC IC7,US26D,Hager 3901 Rim Cylinder NC IC7,,,,,,,,,,,rec0fBFQ58asMpUDL,,,,,2625,,,,,
"Hardware: Hager, Locks, 3215 2-3/4 NC IC, US26D",Hardware,Hager,Locks,,,3215 2-3/4 NC IC,US26D,Hager 3215 Cylinder x Thumbturn 2-3/4 NC IC,,,,,,,,,,,rec0pXVwZW1B31zVS,,,,,2603,,,,,
"Hardware: Hager, Trim & Auxiliary, 318D, US26D",Hardware,Hager,Trim & Auxiliary,,,318D,US26D,Hager 318D Roller Latch with Tee Strike,,,,,,,,,,,rec0wyWgmXInBb4ZZ,,,,,2568,,,,,
"Hardware: Hager, Hinges, ECBB 1100 4.5x4.5, US10B",Hardware,Hager,Hinges,,Hinges,ECBB 1100 4.5x4.5,US10B,Hager ECBB1100 4.5x4.5 Full Mortise Ball Bearing Hinge,,,,,,,,,,,rec198Qs1bsX93rYT,,,,,933,,,,,
"Hardware: Hager, Flush Bolt, 297D 72, N/A",Hardware,Hager,Flush Bolt,,,297D 72,N/A,Hager 297D 72 Coordinator with Filler Bar,,,,,,,,,,,rec1OVTp97TJY6b3K,,,,,455,,,,,
"Hardware: Hager, Locks, 3967 2-3/8 FP1 PRIVACY, US26D",Hardware,Hager,Locks,,,3967 2-3/8 FP1 PRIVACY,US26D,Hager 3967 2-3/8 Latchbolt - Privacy Spring Latch FP1,,,,,,,,,,,rec1nxM4npbHuxEW2,,,,,2639,,,,,
"Hardware: Hager, Exit Device, 4501 LBR 36x96, US32D",Hardware,Hager,Exit Device,,Exit Device,4501 LBR 36x96,US32D,Hager 4501 Surface Vertical Exit Rod Less Bottom Rod Device 36x96,,,,,,,,,,,rec1psX8cFk5UTBHg,,,,,3462,,,,,
"Hardware: Hager, Exit Device Lever, 45BE BLK AUG, BLK",Hardware,Hager,Exit Device Lever,,,45BE BLK AUG,BLK,Hager 45 Blank Escutcheon Trim August Lever,,,,,,,,,,,rec1vfBAxE306rHux,,,,,299,,,,,
"Hardware: Hager, Cylindrical Lock, 2580 2-3/4 US3 WTN SCC KD ASA, US3",Hardware,Hager,Cylindrical Lock,,,2580 2-3/4 US3 WTN SCC KD ASA,US3,Hager 2580 Storeroom 2-3/4 US3 WTN SCC KD ASA,,,,,,,,,,,rec2DXSQXy4pQvN8b,,,,,575,,,,,
"Hardware: Hager, Exit Device, 4501 FR SVR 36x84 EO, US26D",Hardware,Hager,Exit Device,,,4501 FR SVR 36x84 EO,US26D,Hager 4501 Fire Rated Surface Vertical Rod 36x84 EO,,,,,,,,,,,rec2MeTdiSC0jzdK9,,,,,2650,,,,,
"Hardware: Hager, Cylindrical Passage, 2510 2-3/8 26D.WTN.FULL, US26D",Hardware,Hager,Cylindrical Passage,,,2510 2-3/8 26D.WTN.FULL,US26D,Hager 2510 Passage 2-3/8 WTN Full,,,,,,,,,,,rec2Tri3LBVat2C9t,,,,,2579,,,,,
"Hardware: Hager, Hinges, 1279 3.5x3.5, US26D",Hardware,Hager,Hinges,,,1279 3.5x3.5,US26D,Hager 1279 3.5x3.5 Full Mortise Plain Bearing Hinge,,,,,,,,,,,rec2VLuk0fYTIXsQR,,,,,2573,,,,,
"Hardware: Hager, Trim & Auxiliary, 336Q 1-1/4x4-7/8 USP, N/A",Hardware,Hager,Trim & Auxiliary,,,336Q 1-1/4x4-7/8 USP,N/A,Hager 336Q 1-1/4x4-7/8 ASA Strike Filler Plate,,,,,,,,,,,rec2hZwom4DiUEyT8,,,,,457,,,,,
"Hardware: Hager, Locks, 3942 ADJ 2-3/8 TO 2-3/4, US26D",Hardware,Hager,Locks,,,3942 ADJ 2-3/8 TO 2-3/4,US26D,Hager 3942 Adjustable 2-3/8 to 2-3/4 Backset Deadbolt,,,,,,,,,,,rec2o0jUR8KWCOc3k,,,,,2636,,,,,
"Hardware: Hager, Hinges, BB1279 4.5x4.5, US26D",Hardware,Hager,Hinges,,,BB1279 4.5x4.5,US26D,Hager BB1279 4.5x4.5 Full Mortise Ball Bearing Hinge,,,$3.96,"417,427,435,440,446,455,464,473,486,493,503,517,523,529,535,541,547,553,559,565,571,577,583,588,606",,"""""""Hardware: Hager, Hinges, BB1279 4.5x4.5, US26D"""""",""""""Hardware: Hager, Hinges, BB1279 4.5x4.5, US26D"""""",""""""Hardware: Hager, Hinges, BB1279 4.5x4.5, US26D""""""",12,$98.00,,"Home 2 Suites & Tru by Hilton_VA 24201,H2S Brooklyn _Brooklyn NY,""""""Home 2 Suites - Springfield, OH_"""", """"Home 2 Suites - Springfield, OH_"""", """"Home 2 Suites - Springfield, OH_"""", """"Home 2 Suites - Springfield, OH_"""", """"Home 2 Suites - Springfield, OH_""""""",rec2oJ5Tew3IJ5h5b,,,,,2666,,,,,
"Hardware: Hager, Cylindrical Single Dummy, 2517 ARC, US26D",Hardware,Hager,Cylindrical Single Dummy,,,2517 ARC,US26D,Hager 2517 Single Dummy ARC,,,,,,,,,,,rec3DW9pUavN2cPlz,,,,,2580,,,,,
"Hardware: Hager, Locks, 3981-C 26D.BA.KA.IC6, N/A",Hardware,Hager,Locks,,,3981-C 26D.BA.KA.IC6,N/A,Hager 3981-C 26D BA KA IC6,,,,,,,,,,,rec3FGBGYoqGavQa4,,,,,472,,,,,
"Hardware: Hager, Levers, 3450 2-3/4 WTN SCC KD ASA, US26D",Hardware,Hager,Levers,,,3450 2-3/4 WTN SCC KD ASA,US26D,Hager 3450 Privacy 2-3/4 WTN SCC KD ASA,,,,,,,,,,,rec3cilA7puhJ4VsP,,,,,2608,,,,,
"Hardware: Hager, Push Plate, 30S 4x16, US26D",Hardware,Hager,Push Plate,,Push Plate,30S 4x16,US26D,Hager 30S 4x16 Push Plates,,,,"204,207,210,213,216,219,224,460,469,478,481,498,508","ID_O_107A,ID_P_251A,ID_H_170",,9,$290.00,,"Project A _Brooklyn NY ,H2S Brooklyn _Brooklyn NY",rec3cjiQto7Wdlnz9,,,,,2538,,,,,
"Hardware: Hager, Locks, 3114 2-3/4 SCC KD, US26D",Hardware,Hager,Locks,,,3114 2-3/4 SCC KD,US26D,Hager 3114 Double Cylinder 2-3/4 SCC KD,,,,,,,,,,,rec3jwy8CVFPJInZq,,,,,2602,,,,,
"Hardware: Hager, Closer, 5100 PAR ADJ 1-6 ALM HDCS BF, ALM",Hardware,Hager,Closer,,Closer,5100 PAR ADJ 1-6 ALM HDCS BF,ALM,Hager 5100 Grade 1 Closer with Adjustable Parallel Arm,,,,,ID_H_G01,"""""""Hardware: Hager, Closer, 5100 PAR ADJ 1-6 ALM HDCS BF, ALM""""""",,,,,rec49OCcKUfaXgqWO,,,,,148,,,,,
"Hardware: Hager, Trim & Auxiliary, 341D, US32D",Hardware,Hager,Trim & Auxiliary,,,341D,US32D,Hager 341D Latch Protection Plate with Lock Cut Out,,,,,,,,,,,rec4uEsLeoAEJlySc,,,,,3455,,,,,
"Hardware: Hager, Strike, 381A 2 LS, N/A",Hardware,Hager,Strike,,Strike,381A 2 LS,N/A,Hager 381A 2 LS Adjustable Extension Rods,,,,,,,,,,,rec5T7NDLj8DnojNl,,,,,462,,,,,
"Hardware: Hager, Cylindrical Lock, 2540 2-3/8 26D.WTN.TEE, US26D",Hardware,Hager,Cylindrical Lock,,,2540 2-3/8 26D.WTN.TEE,US26D,Hager 2540 Privacy 2-3/8 WTN Tee,,,,,,,,,,,rec5bnWjmwN0wsmdX,,,,,2589,,,,,
"Hardware: Hager, Flush Bolt, 291D, US10B",Hardware,Hager,Flush Bolt,,,291D,US10B,Hager 291D Automatic Flush Bolt Set for Wood Covered Composite Doors,,,,,,,,,,,rec60iBqJZXrzZ0Qk,,,,,930,,,,,
"Hardware: Hager, Flush Bolt, 292D, US32D",Hardware,Hager,Flush Bolt,,,292D,US32D,Hager 292D Automatic Flush Bolt Set for Metal Doors,,,,,,,,,,,rec6453UuFrmvGZyB,,,,,3452,,,,,
"Hardware: Hager, Wall Stop, 236W, US26D",Hardware,Hager,Wall Stop,,,236W,US26D,Hager 236W Concave Wall Stop,,,,,,,,,,,rec6792fRh9UQdWNO,,,,,2559,,,,,
"Hardware: Hager, Screws, 1-310-5696, N/A",Hardware,Hager,Screws,,,1-310-5696,N/A,Hager Screws 1-1/4 x 12 FPHW,,,,,,,,,,,rec6TUUOPevZF6exP,,,,,478,,,,,
"Hardware: Hager, Levers, 3510 2-3/4 ARC ASA, US26D",Hardware,Hager,Levers,,,3510 2-3/4 ARC ASA,US26D,Hager 3510 Passage 2-3/4 ARC ASA,,,,,,,,,,,rec6fZywO6zlJ8nlM,,,,,2611,,,,,
"Hardware: Hager, Stop, 257F, US26D",Hardware,Hager,Stop,,,257F,US26D,Hager 257F Floor Stop,,,,,,,,,,,rec6vVqF7NMjbCL4E,,,,,2563,,,,,
"Hardware: Hager, Cylindrical Passage, 2510 2-3/8 26D.ARC.FULL, US26D",Hardware,Hager,Cylindrical Passage,,,2510 2-3/8 26D.ARC.FULL,US26D,Hager 2510 Passage 2-3/8 ARC Full,,,,,,,,,,,rec7G4USpnx8ZNQvj,,,,,2578,,,,,
"Hardware: Hager, Exit Device Lever, 2525 2-3/4 WTN ASA, US26D",Hardware,Hager,Exit Device Lever,,,2525 2-3/4 WTN ASA,US26D,Hager 2525 Exit 2-3/4 WTN ASA,,,,,,,,,,,rec7QY4jJJEuCIVpd,,,,,2583,,,,,
"Hardware: Hager, Exit Device Lever, 45NL WRN LHR/RH NC, US26D",Hardware,Hager,Exit Device Lever,,,45NL WRN LHR/RH NC,US26D,Hager 45 Night Latch Trim Warren Lever NC,,,,,,,,,,,rec7Spo8JhqvRju64,,,,,2554,,,,,
"Hardware: Hager, Exit Device, 4501 RIM FR 48 EO, US32D",Hardware,Hager,Exit Device,,,4501 RIM FR 48 EO,US32D,Hager 4501 Rim Device 48 EO Fire Rated,,,,,,,,,,,rec847hzy1GqfzKy1,,,,,3460,,,,,
"Hardware: Hager, Closer, 5101 CLOSER WITH 5124, N/A",Hardware,Hager,Closer,,,5101 CLOSER WITH 5124,N/A,Hager 5101 Body Only With Hager 5124 Hold Open Stop Arm,,,,,,,,,,,rec8LWvyKMppTR7Z0,,,,,475,,,,,
"Hardware: Hager, Dome Stop, 246B, N/A",Hardware,Hager,Dome Stop,,,246B,N/A,Hager 246B Dome Stop Riser Plate,,,,,,,,,,,rec8WIBVWrx3iHXRf,,,,,453,,,,,
"Hardware: Hager, Flush Bolt, 297B BLK, Black",Hardware,Hager,Flush Bolt,,,297B BLK,Black,Hager 297B Mounting Bracket,,,,,,,,,,,rec8YwQnYTlvHKeVl,,,,,229,,,,,
"Hardware: Hager, Door Pull, 34J 4x16, US26D",Hardware,Hager,Door Pull,,,34J 4x16,US26D,Hager 34J 4x16 Pull Plate Square Corner,,,,,,"""""""Hardware: Hager, Door Push/Pull, 13J, US32D"""", """"Hardware: Hager, Door Pull, 34J 4x16, US26D""""""",,,,,rec8aZ1x13bbjxkAi,,,,,2539,,,,,
"Hardware: Hager, Exit Device, 4501 RIM FR 36, US26D",Hardware,Hager,Exit Device,,,4501 RIM FR 36,US26D,Hager 4501 Rim Device 36 Fire Rated,,,,,,,,,,,rec8flmYJ9MXKWbOc,,,,,2653,,,,,
"Hardware: Hager, Exit Device, 4501 LBR FR 24x84, US26D",Hardware,Hager,Exit Device,,,4501 LBR FR 24x84,US26D,Hager 4501 Fire Rated Surface Vertical Exit Rod Less Bottom Rod Device 24x84,,,,,,,,,,,rec9EXAfjBXBnW6gl,,,,,2642,,,,,
"Hardware: Hager, Exit Device Lever, 45CE REV 2 ARC NC, US26D",Hardware,Hager,Exit Device Lever,,,45CE REV 2 ARC NC,US26D,Hager 45 Cylinder Escutcheon Trim Archer Lever NC,,,,,,,,,,,rec9PKFGzsSGPTr5J,,,,,2545,,,,,
"Hardware: Hager, Door Controls, 7016 SRF SZ2 32D, US32D",Hardware,Hager,Door Controls,,,7016 SRF SZ2 32D,US32D,Hager 7016 Overhead Closer,,,,,,,,,,,rec9mlXOghNL4DTq0,,,,,3469,,,,,
"Hardware: Hager, Kick Plate, 190S 10x32, US32D",Hardware,Hager,Kick Plate,,,190S 10x32,US32D,Hager 190S 10x32 Kick Plate,,,,,,,,,,,recA0Z18jxAIkfjLM,,,,,3439,,,,,
"Hardware: Hager, Cylindrical Lock, 2580 2-3/4 26D.ARC.SCC.KA.ASA, US26D",Hardware,Hager,Cylindrical Lock,,,2580 2-3/4 26D.ARC.SCC.KA.ASA,US26D,Hager 2580 Storeroom 2-3/4 ARC SCC KA ASA,,,,,,,,,,,recADvqX1LihZH26n,,,,,2597,,,,,
"Hardware: Hager, Closer, 5200 TRK ADJ 1-6 ALM HOTA, ALM",Hardware,Hager,Closer,,,5200 TRK ADJ 1-6 ALM HOTA,ALM,Hager 5200 Grade 1 Closer with Adjustable Hold/Open Track Arm,,,,587,ID_H_G01,"""""""Hardware: Hager, Closer, 5200 TRK ADJ 1-6 ALM HOTA, ALM""""""",,,,H2S Brooklyn _Brooklyn NY,recAqsKlFdaaG0ABt,,,,,153,,,,,
"Hardware: Hager, Trim & Auxiliary, 2-669-0424, US26D",Hardware,Hager,Trim & Auxiliary,,,2-669-0424,US26D,Hager Emergency Release (3800),,,,,,,,,,,recBDlzVTe6uTtdyR,,,,,2671,,,,,
"Hardware: Hager, Cylindrical Lock, 2570 2-3/4 WTN NC ASA IC, US26D",Hardware,Hager,Cylindrical Lock,,,2570 2-3/4 WTN NC ASA IC,US26D,Hager 2570 Classroom 2-3/4 WTN NC ASA IC,,,$12.00,"437,442,448,457,466,475,488,495,505,590",,"""""""Hardware: Hager, Cylindrical Lock, 2570 2-3/4 WTN NC ASA IC, US26D""""""",,,,H2S Brooklyn _Brooklyn NY,recBPoYrUBYUgeC2B,,,,,2595,,,,,
"Hardware: Hager, Cylindrical Lock, 2580 2-3/4 ARC SCC KD ASA, US26D",Hardware,Hager,Cylindrical Lock,,,2580 2-3/4 ARC SCC KD ASA,US26D,Hager 2580 Storeroom 2-3/4 ARC SCC KD ASA,,,,,,,,,,,recCUUho0gs48iPPD,,,,,2598,,,,,
"Hardware: Hager, Locks, 3930 DEADBOLT STRIKE W/DUST BOX, US26D",Hardware,Hager,Locks,,,3930 DEADBOLT STRIKE W/DUST BOX,US26D,Hager 3930 Strike with Plastic Dust Box,,,,,,,,,,,recCcZ045diSobrqx,,,,,2634,,,,,
"Hardware: Hager, Levers, 3450 2-3/4 WTN NC ASA IC, US26D",Hardware,Hager,Levers,,,3450 2-3/4 WTN NC ASA IC,US26D,Hager 3450 Privacy 2-3/4 WTN NC ASA IC,,,,,,,,,,,recCuVHlnY2crUNLJ,,,,,2607,,,,,
"Hardware: Hager, Locks, OBS - 3902 MORT CYL 1-1/4 26D NCIC6 STDCAM, US26D",Hardware,Hager,Locks,,,OBS - 3902 MORT CYL 1-1/4 26D NCIC6 STDCAM,US26D,Hager OBS 3902 Mortise Cylinder 1-1/4 26D NCIC6 STDCAM,,,,,,,,,,,recD9VDTGYCWojqgx,,,,,2672,,,,,
"Hardware: Hager, Hinges, BB1191 4.5x4.5, US26D",Hardware,Hager,Hinges,,,BB1191 4.5x4.5,US26D,Hager BB1191 4.5x4.5 Full Mortise Ball Bearing Hinge,,,,,,,,,,,recDLItVkWJU1EWWO,,,,,2665,,,,,
"Hardware: Hager, Strike, 380S 12x24 LS, N/A",Hardware,Hager,Strike,,,380S 12x24 LS,N/A,Hager 380S 12x24 LS Surface Mount Electromagnetic Door Holder,,,,,,,,,,,recDbjTd1LxJvcM2G,,,,,459,,,,,
"Hardware: Hager, Locks, 3963 SCC CNTR LFIC VKC, N/A",Hardware,Hager,Locks,,,3963 SCC CNTR LFIC VKC,N/A,Hager 3963 Black Construction Control Key 6-Pin SCC CNTR LFIC VKC,,,,,,,,,,,recDehIAxsUV49dhy,,,,,469,,,,,
"Hardware: Hager, Key Systems, 2-639-7168, N/A",Hardware,Hager,Key Systems,,,2-639-7168,N/A,Hager 2-639-7168 3984 BLU CNTRL KEY BA IC6 BLU CIC,,,,,,,,,,,recDoDbGawVMYSb99,,,,,452,,,,,
"Hardware: Hager, Hinges, ECBB1100 4.5x4.5, US26",Hardware,Hager,Hinges,,,ECBB1100 4.5x4.5,US26,Hager ECBB1100 4.5x4.5 Full Mortise Ball Bearing Hinge,,,,,,"""""""Hardware: Hager, Door Push/Pull, 13J, US32D"""", """"Hardware: Hager, Hinges, ECBB1100 4.5x4.5, US26""""""",,,,,recDz7xWeBHwYI9Pi,,,,,1117,,,,,
"Hardware: Hager, Locks, 3880 ESC WTN FULL6 SCC KD, US26D",Hardware,Hager,Locks,,,3880 ESC WTN FULL6 SCC KD,US26D,Hager 3880E Storeroom WTN FULL6 SCC KD,,,,,,,,,,,recETsC7AapqCZuIy,,,,,2619,,,,,
"Hardware: Hager, Kick Plate, 190S 6x34, US32D",Hardware,Hager,Kick Plate,,,190S 6x34,US32D,Hager 190S 6x34 Kick Plate,,,,,,,,,,,recEe6waxusgZTLh6,,,,,3438,,,,,
"Hardware: Hager, Closer, 5932 METAL COVER WITH SCREWS, US26D",Hardware,Hager,Closer,,,5932 METAL COVER WITH SCREWS,US26D,Hager 5932 Metal Cover For Closer,,,,,,,,,,,recEoqMqCxeNhrWJP,,,,,2664,,,,,
"Hardware: Hager, Door Controls, 6016 SRF SZ2 ALM, ALM",Hardware,Hager,Door Controls,,,6016 SRF SZ2 ALM,ALM,Hager 6016 Overhead Closer,,,,,,,,,,,recFTVVvS8oxeuso6,,,,,155,,,,,
"Hardware: Hager, Fire Bolt, 2-649-0166, N/A",Hardware,Hager,Fire Bolt,,,2-649-0166,N/A,Hager Fire Bolt Kit (4501),,,,,,,,,,,recFW6RCO4h4pUBtH,,,,,477,,,,,
"Hardware: Hager, Locks, 3981 BLU BA CIC IC6, N/A",Hardware,Hager,Locks,,,3981 BLU BA CIC IC6,N/A,Hager 3981 BLU BA CIC IC6,,,,,,,,,,,recFgb3Z1b9NjGqQi,,,,,471,,,,,
"Hardware: Hager, Locks, 3902 1-1/4 26D.6PCYL.SCC.KA, US26D",Hardware,Hager,Locks,,,3902 1-1/4 26D.6PCYL.SCC.KA,US26D,Hager 3902 1-1/4 6PCYL SCC KA,,,,,,,,,,,recFkLqs6G74V1PkK,,,,,2626,,,,,
"Hardware: Hager, Cylindrical Lock, 2580 2-3/4 WTN SCC KD ASA, US26D",Hardware,Hager,Cylindrical Lock,,,2580 2-3/4 WTN SCC KD ASA,US26D,Hager 2580 Storeroom 2-3/4 WTN SCC KD ASA,,,,,,,,,,,recFwLO0EW2eqvWde,,,,,2601,,,,,
"Hardware: Hager, Locks, 3902 1-1/8 BLK.6PCYL.SCC.KA, N/A",Hardware,Hager,Locks,,,3902 1-1/8 BLK.6PCYL.SCC.KA,N/A,Hager 3902 1-1/8 BLK 6PCYL SCC KA,,,,,,,,,,,recFy8yq851RVcZU3,,,,,467,,,,,
"Hardware: Hager, Exit Device, 4927 BOTTOM LATCH ASSEMBLY, US32D",Hardware,Hager,Exit Device,,,4927 BOTTOM LATCH ASSEMBLY,US32D,Hager 4927 Bottom Latch Assembly,,,,,,,,,,,recFzpPzOGQmRBiA5,,,,,3464,,,,,
"Hardware: Hager, Kick Plate, 190S 10x46, US32D",Hardware,Hager,Kick Plate,,,190S 10x46,US32D,Hager 190S 10x46 Kick Plate,,,,,,,,,,,recGT6EI19sZwkS0W,,,,,3444,,,,,
"Hardware: Hager, Levers, 3570 2-3/4 WTN SCC KD ASA REV1, US26D",Hardware,Hager,Levers,,,3570 2-3/4 WTN SCC KD ASA REV1,US26D,Hager 3570 Classroom 2-3/4 WTN SCC KD ASA REV1,,,,,,,,,,,recGXTmDmwBtQFMqJ,,,,,2613,,,,,
"Hardware: Hager, Locks, 3975 CAM-STD, N/A",Hardware,Hager,Locks,,,3975 CAM-STD,N/A,Hager 3975 Standard Straight Cam,,,,,,,,,,,recGXf13wOUHpcqyJ,,,,,470,,,,,
"Hardware: Hager, Door Controls, 270D 4, US4",Hardware,Hager,Door Controls,,,270D 4,US4,Hager Floor Closer,,,,,,,,,,,recGcnroxgVJWW0H2,,,,,725,,,,,
"Hardware: Hager, Locks, 3902 MORTISE CYL 1-1/4 NC SCAM IC6, US26D",Hardware,Hager,Locks,,,3902 MORTISE CYL 1-1/4 NC SCAM IC6,US26D,Hager 3902 Mortise Cylinder 1-1/4 NC SCAM IC6,,,,,,,,,,,recGefLWnWOCVoTKx,,,,,2629,,,,,
"Hardware: Hager, Flush Bolt, 280X, US26D",Hardware,Hager,Flush Bolt,,,280X,US26D,Hager 280X Dust Proof Strike with Removable Plate,,,,,,,,,,,recGpB5xZbLPFAerY,,,,,2566,,,,,
"Hardware: Hager, Locks, 3935 ASA STRIKE 1-5/16, US26D",Hardware,Hager,Locks,,,3935 ASA STRIKE 1-5/16,US26D,Hager 3935 1-5/16 ASA Strike,,,,,,,,,,,recH0cNYazuodQPwT,,,,,2635,,,,,
"Hardware: Hager, Cylindrical Lock, 2550 2-3/4 ARC NC ASA IC, US26D",Hardware,Hager,Cylindrical Lock,,,2550 2-3/4 ARC NC ASA IC,US26D,Hager 2550 Office 2-3/4 ARC NC ASA IC,,,,,,,,,,,recI27FlEyRXNgHlb,,,,,2590,,,,,
"Hardware: Hager, Exit Device, 4501 RIM 36, US32D",Hardware,Hager,Exit Device,,,4501 RIM 36,US32D,Hager 4501 Rim Device 36,,,,,,,,,,,recIMaYOWtWiTS2hm,,,,,3458,,,,,
"Hardware: Hager, Wall Stop, 232W, US4",Hardware,Hager,Wall Stop,,,232W,US4,Hager 232W Convex Wall Stop,,,,,,,,,,,recIvSJquwZKO9SVj,,,,,719,,,,,
"Hardware: Hager, Locks, 3880 ESC WTN, US26D",Hardware,Hager,Locks,,,3880 ESC WTN,US26D,Hager 3880E Storeroom ESC WTN,,,,,,,,,,,recIvifrEI2rjVMyH,,,,,2618,,,,,
"Hardware: Hager, Exit Device Lever, 45CE REV 2 AUG NC, US26D",Hardware,Hager,Exit Device Lever,,,45CE REV 2 AUG NC,US26D,Hager 45 Cylinder Escutcheon Trim August Lever NC,,,,,,,,,,,recJOc132P9iyUdcx,,,,,2546,,,,,
"Hardware: Hager, Trim & Auxiliary, 318D, US10B",Hardware,Hager,Trim & Auxiliary,,,318D,US10B,Hager 318D Roller Latch with Tee Strike,,,,,,,,,,,recJXPUyM0nnhulkO,,,,,932,,,,,
"Hardware: Hager, Push Plate, 30S 4x16, US32D",Hardware,Hager,Push Plate,,,30S 4x16,US32D,Hager 30S 4x16 Push Plates,,,,,ID_E_109A,,,,,,recJjfA9c2z5n0FEV,,,,,3435,,,,,
"Hardware: Hager, Hinges, ECBB 1103 4.5x4.5, US32D",Hardware,Hager,Hinges,,,ECBB 1103 4.5x4.5,US32D,Hager EC1103 4.5x4.5 Full Mortise Ball Bearing Heavy Weight Hinge,,,,,,,,,,,recK1Gatzfl3i9SZk,,,,,3471,,,,,
"Hardware: Hager, Exit Device, 4501 RIM 48 EXIT ONLY, US32D",Hardware,Hager,Exit Device,,,4501 RIM 48 EXIT ONLY,US32D,Hager 4501 Rim Device 48 Exit Only,,,,,,,,,,,recKFrpJIp4bQdfXy,,,,,3461,,,,,
"Hardware: Hager, Door Pull, 34J 4x16, US4",Hardware,Hager,Door Pull,,,34J 4x16,US4,Hager 34J 4x16 Pull Plate Square Corner,,,,,,"""""""Hardware: Hager, Door Pull, 34J 4x16, US4""""""",,,,,recKID9HmAHNt78XD,,,,,716,,,,,
"Hardware: Hager, Flush Bolt, 282D, US19",Hardware,Hager,Flush Bolt,,,282D,US19,Hager 282D Manual Flush Bolt for Metal Doors,,,,,,,,,,,recKKfQ4P1cTlNZD6,,,,,1014,,,,,
"Hardware: Hager, Sliding Hardware, 905S 36 BLK, BLK",Hardware,Hager,Sliding Hardware,,,905S 36 BLK,BLK,Hager 905S Vinyl Threshold,,,,,,,,,,,recKPQPSeqCshl1Al,,,,,304,,,,,
"Hardware: Hager, Dome Stop, 241F, US26D",Hardware,Hager,Dome Stop,,,241F,US26D,Hager 241F Low Dome Floor Stop,,,,,,,,,,,recKUl1IuNXQhXkrH,,,,,2560,,,,,
"Hardware: Hager, Locks, 3984 .BA.CHG.IC6, N/A",Hardware,Hager,Locks,,,3984 .BA.CHG.IC6,N/A,Hager 3984 BA CHG IC6,,,,,,,,,,,recKX2B9DjBqs6B5M,,,,,473,,,,,
"Hardware: Hager, Exit Device Lever, 45BE WRN RHR/LH, US26D",Hardware,Hager,Exit Device Lever,,,45BE WRN RHR/LH,US26D,Hager 45 Blank Escutcheon Trim Warren Lever,,,,,,,,,,,recKbAYnLPmlovjwN,,,,,2542,,,,,
"Hardware: Hager, Exit Device Lever, 45CE WRN LHR/RH NC, US26D",Hardware,Hager,Exit Device Lever,,,45CE WRN LHR/RH NC,US26D,Hager 45 Cylinder Escutcheon Trim Warren Lever NC,,,,,,,,,,,recKcSrNfzpARBsaq,,,,,2548,,,,,
"Hardware: Hager, Kick Plate, 190S 12x34, US32D",Hardware,Hager,Kick Plate,,,190S 12x34,US32D,Hager 190S 12x34 Kick Plate,,,,,,,,,,,recKgjhxBx3w6wr7S,,,,,3445,,,,,
"Hardware: Hager, Strike, 3985 1-1/4 SQ CRNR STRK, US32D",Hardware,Hager,Strike,,,3985 1-1/4 SQ CRNR STRK,US32D,Hager 3985 1-1/4 x 4-7/8 ASA Strike,,,,,,,,,,,recKkFMYfYGWVcPAB,,,,,3456,,,,,
"Hardware: Hager, Exit Device Lever, 45MN WTN, US26D",Hardware,Hager,Exit Device Lever,,,45MN WTN,US26D,Hager 45 Mortise Night Latch Trim Withnell Lever,,,,,,,,,,,recKpp1NPdrIS6CxB,,,,,2551,,,,,
"Hardware: Hager, Closer, 5200 MLT ADJ 1-6 ALM HO, ALM",Hardware,Hager,Closer,,,5200 MLT ADJ 1-6 ALM HO,ALM,Hager 5200 Grade 1 Closer Multi Mount Adjustable Hold Open Arm,,,,,,,,,,,recKsy3ajToVzUayT,,,,,150,,,,,
"Hardware: Hager, Cylindrical Lock, 2540 2-3/8 26D.ARC.TEE, US26D",Hardware,Hager,Cylindrical Lock,,,2540 2-3/8 26D.ARC.TEE,US26D,Hager 2540 Privacy 2-3/8 ARC Tee,,,,,,,,,,,recLIMpz8EjstKnJk,,,,,2587,,,,,
"Hardware: Hager, Light Weight Ball Catch, 1446, US4",Hardware,Hager,Light Weight Ball Catch,,,1446,US4,Hager 1446 1-3/8 x 2-1/4 Light Weight Ball Catch,,,,,,,,,,,recLVYdNiUo3J5NyQ,,,,,720,,,,,
"Hardware: Hager, Door Controls, 6016 SRF SZ2, US32D",Hardware,Hager,Door Controls,,,6016 SRF SZ2,US32D,Hager 6016 Overhead Closer,,,,,,,,,,,recLa9EVmwU0ejyTg,,,,,3468,,,,,
"Hardware: Hager, Kick Plate, 190S 2x34, US32D",Hardware,Hager,Kick Plate,,,190S 2x34,US32D,Hager 190S 2x34 Kick Plate,,,,,,,,,,,recLmthUAjgBu9dCv,,,,,3437,,,,,
"Hardware: Hager, Locks, 3221 ADJ, US26D",Hardware,Hager,Locks,,,3221 ADJ,US26D,Hager 3221 Thumbturn Only,,,,,,,,,,,recLyjtqNKXA0YoRh,,,,,2605,,,,,
"Hardware: Hager, Exit Device Lever, 45BE WRN LHR/RH, US26D",Hardware,Hager,Exit Device Lever,,,45BE WRN LHR/RH,US26D,Hager 45 Blank Escutcheon Trim Warren Lever,,,,,,,,,,,recM0iUFnPxDTu3sm,,,,,2543,,,,,
"Hardware: Hager, Exit Device, 4501 LBR FR 24x84 BOLT, US26D",Hardware,Hager,Exit Device,,,4501 LBR FR 24x84 BOLT,US26D,Hager 4501 Fire Rated Surface Vertical Exit Rod Less Bottom Rod Device 24x84 Bolt,,,,,,,,,,,recM5HiGr4YKHyqe8,,,,,2643,,,,,
"Hardware: Hager, Cylindrical Lock, 2570 2-3/4 ARC NC ASA IC, US26D",Hardware,Hager,Cylindrical Lock,,,2570 2-3/4 ARC NC ASA IC,US26D,Hager 2570 Classroom 2-3/4 ARC NC ASA IC,,,,,,,,,,,recMRY9Dt8pETkEYZ,,,,,2594,,,,,
"Hardware: Hager, Exit Device, 4501 LBR FR 36x96 BOLT, US26D",Hardware,Hager,Exit Device,,,4501 LBR FR 36x96 BOLT,US26D,Hager 4501 Fire Rated Surface Vertical Exit Rod Less Bottom Rod Device 36x96 Bolt,,,,,,,,,,,recNWvy9x4f25GcQl,,,,,2647,,,,,
"Hardware: Hager, Exit Device, 4501 CLB FR 36x84, US26D",Hardware,Hager,Exit Device,,,4501 CLB FR 36x84,US26D,Hager 4501 Fire Rated Concealed Vertical Rod Less Bottom Rod Device 36x84,,,,,,,,,,,recOB82IRgEkKf6hf,,,,,2641,,,,,
"Hardware: Hager, Push Plate, 30S 4x16, US4",Hardware,Hager,Push Plate,,,30S 4x16,US4,Hager 30S 4x16 Push Plates,,,,,,,,,,,recOXBpIN0l7bZQiM,,,,,715,,,,,
"Hardware: Hager, Strike, 380S 24x120 L2, N/A",Hardware,Hager,Strike,,,380S 24x120 L2,N/A,Hager 380S 24x120 L2 Surface Mount Electromagnetic Door Holder,,,,,,,,,,,recOeRctu3mzqI4s0,,,,,460,,,,,
"Hardware: Hager, Exit Device, 4501 LBR FR 48x84, US26D",Hardware,Hager,Exit Device,,,4501 LBR FR 48x84,US26D,Hager 4501 Fire Rated Surface Vertical Exit Rod Less Bottom Rod Device 48x84,,,,,,,,,,,recOrhTeKebN60o8t,,,,,2648,,,,,
"Hardware: Hager, Exit Device, 4501 CVR NFR 36x84, US32D",Hardware,Hager,Exit Device,,,4501 CVR NFR 36x84,US32D,Hager 4501 Non-Fire Rated Concealed Vertical Exit Device 36x84,,,,,,,,,,,recOugQT991eiXSxv,,,,,3457,,,,,
"Hardware: Hager, Exit Device Lever, 45NL WTN NC, US26D",Hardware,Hager,Exit Device Lever,,,45NL WTN NC,US26D,Hager 45 Night Latch Trim Withnell Lever NC,,,,,,,,,,,recR680k5EhDM3FOv,,,,,2556,,,,,
"Hardware: Hager, Closer, 5200 MLT ADJ 1-6 BLK BF, BLK",Hardware,Hager,Closer,,,5200 MLT ADJ 1-6 BLK BF,BLK,Hager 5200 Grade 1 Closer Multi Mount Adjustable BF,,,,,,,,,,,recRYsZ5a3v5Y9nKH,,,,,308,,,,,
"Hardware: Hager, Exit Device, 4501 SVR 36x84, US32D",Hardware,Hager,Exit Device,,,4501 SVR 36x84,US32D,Hager 4501 Surface Vertical Rod 36x84,,,,,,,,,,,recSVRGnWjGdGSsGp,,,,,3463,,,,,
"Hardware: Hager, Exit Device, 4501 CVR FR 36x84, US26D",Hardware,Hager,Exit Device,,,4501 CVR FR 36x84,US26D,Hager 4501 Fire Rated Concealed Vertical Rod Exit Device 36x84,,,,,,,,,,,recSoHNSuJSaDtxAz,,,,,2640,,,,,
"Hardware: Hager, Cylindrical Lock, 2540 2-3/4 WTN ASA, US26D",Hardware,Hager,Cylindrical Lock,,,2540 2-3/4 WTN ASA,US26D,Hager 2540 Privacy 2-3/4 WTN ASA,,,,,,,,,,,recT1vV8LM1WdTgzV,,,,,2585,,,,,
"Hardware: Hager, Exit Device, 4501 RIM 36, US26D",Hardware,Hager,Exit Device,,,4501 RIM 36,US26D,Hager 4501 Rim Device 36,,,,,,,,,,,recTYN2Qc6UqOks2O,,,,,2652,,,,,
"Hardware: Hager, Strike, 279D, US26D",Hardware,Hager,Strike,,,279D,US26D,Hager 279D Dutch Door Bolt,,,,,,,,,,,recTavKOJseyNLaSh,,,,,2565,,,,,
"Hardware: Hager, Locks, 3862 SECT, US26D",Hardware,Hager,Locks,,,3862 SECT,US26D,Hager 3862 Double Cylinder SECT,,,,,,,,,,,recTiGa70MlPNMHBW,,,,,2615,,,,,
"Hardware: Hager, Cylindrical Passage, 2510 2-3/4 ARC ASA, US26D",Hardware,Hager,Cylindrical Passage,,,2510 2-3/4 ARC ASA,US26D,Hager 2510 Passage 2-3/4 ARC ASA,,,,,,,,,,,recTr8vEuLt1h47lS,,,,,2576,,,,,
"Hardware: Hager, Exit Device Lever, 45NL ARCCaroline, US26D",Hardware,Hager,Exit Device Lever,,,45NL ARCCaroline,US26D,Hager 45 Night Latch Trim Archer Lever NC,,,,,,,,,,,recUH9Q5u1Z2hZCrp,,,,,2552,,,,,
"Hardware: Hager, Cylindrical Lock, 2580 2-3/4 WTN NC ASA IC, US26D",Hardware,Hager,Cylindrical Lock,,,2580 2-3/4 WTN NC ASA IC,US26D,Hager 2580 Storeroom 2-3/4 WTN NC ASA IC,,,,,,,,,,,recUJnvS3RYmBQv5U,,,,,2599,,,,,
"Hardware: Hager, Kick Plate, 190S 34x10, US32D",Hardware,Hager,Kick Plate,,,190S 34x10,US32D,Hager 190S 34x10 Kick Plate,,,,,,,,,,,recWL7pierDKtaz9u,,,,,3446,,,,,
"Hardware: Hager, Kick Plate, 190S 10x46, US4",Hardware,Hager,Kick Plate,,,190S 10x46,US4,Hager 190S 10x46 Kick Plate,,,$12.00,"445,454,463,472,484,491,501",ID_H_165,,5,$3001.00,,H2S Brooklyn _Brooklyn NY,recWRRjQRW0oXkCcB,,,,,718,,,,,
"Hardware: Hager, Exit Device Lever, 45NL WRN RHR/LH NC, US26D",Hardware,Hager,Exit Device Lever,,,45NL WRN RHR/LH NC,US26D,Hager 45 Night Latch Trim Warren Lever NC,,,,,,,,,,,recWWsGrWD1JO1swi,,,,,2555,,,,,
"Hardware: Hager, Stop, 252F, US26D",Hardware,Hager,Stop,,,252F,US26D,Hager 252F Floor Stop,,,,,,,,,,,recWZd2b7pqfmYZVr,,,,,2562,,,,,
"Hardware: Hager, Exit Device, 4945 32D-4501C TOP STRIKE PANIC RATED, US32D",Hardware,Hager,Exit Device,,,4945 32D-4501C TOP STRIKE PANIC RATED,US32D,Hager 4945 Top Strike For Panic Rated 400 Series Concealed Vertical Rod,,,,,,,,,,,recWgkUcfOirCVpZJ,,,,,3466,,,,,
"Hardware: Hager, Locks, 3902 MORTISE CYL 1-3/8 26D NCIC7 STDCAM, US26D",Hardware,Hager,Locks,,,3902 MORTISE CYL 1-3/8 26D NCIC7 STDCAM,US26D,Hager 3902 Mortise Cylinder 1-3/8 26D NCIC7 STDCAM,,,,,,,,,,,recXNR4P9rqvcOA9k,,,,,2631,,,,,
"Hardware: Hager, Modern Stop, 248F, US26D",Hardware,Hager,Modern Stop,,,248F,US26D,Hager 248F Modern Style Universal Stop,,,,,,,,,,,recYlcbYguUCJs5GA,,,,,2561,,,,,
"Hardware: Hager, Sliding Hardware, 940P, US26D",Hardware,Hager,Sliding Hardware,,,940P,US26D,Hager 940P Coat Hook,,,,,,,,,,,recYsQu1O2Cb5bsAr,,,,,2572,,,,,
"Hardware: Hager, Locks, 3862 SECT 26D.FULL.SCC.KD, US26D",Hardware,Hager,Locks,,,3862 SECT 26D.FULL.SCC.KD,US26D,Hager 3862 Double Cylinder SECT 26D FULL SCC KD,,,,,,,,,,,recZ4cVJyzvFIWvA3,,,,,2616,,,,,
"Hardware: Hager, Locks, 3984 .BA.CNTR.IC6, N/A",Hardware,Hager,Locks,,,3984 .BA.CNTR.IC6,N/A,Hager 3984 BA CNTR IC6,,,,,,,,,,,recZ64viGFvoeSfAg,,,,,474,,,,,
"Hardware: Hager, Threshold, 433S 72 MIL, N/A",Hardware,Hager,Threshold,,,433S 72 MIL,N/A,Hager 433S 72 Threshold - Half Saddle,,,,,,,,,,,recZlJoVVspE5RfiO,,,,,465,,,,,
"Hardware: Hager, Kick Plate, 190S 10x38, US32D",Hardware,Hager,Kick Plate,,,190S 10x38,US32D,Hager 190S 10x38 Kick Plate,,,,,,,,,,,recZpN5khKAT8YSWi,,,,,3441,,,,,
"Hardware: Hager, Flush Bolt, 282D, US26D",Hardware,Hager,Flush Bolt,,,282D,US26D,Hager 282D Manual Flush Bolt for Metal Doors,,,,,,,,,,,recZw60skpVFjL63K,,,,,2567,,,,,
"Hardware: Hager, Exit Device Lever, 45BE REV 2 WTN, US26D",Hardware,Hager,Exit Device Lever,,,45BE REV 2 WTN,US26D,Hager 45 Blank Escutcheon Trim Warren Lever For Door Size 1-3/4 to 3,,,,,,,,,,,recZy1Z7TdoY9m6UA,,,,,2544,,,,,
"Hardware: Hager, Locks, 3919 SCC KA LFIC, US26D",Hardware,Hager,Locks,,,3919 SCC KA LFIC,US26D,Hager 3919 SCC KA LFIC,,,,,,,,,,,reca0mIITOncta6uk,,,,,2633,,,,,
"Hardware: Hager, Levers, 3480 2-3/4 WTN NC ASA IC, US26D",Hardware,Hager,Levers,,,3480 2-3/4 WTN NC ASA IC,US26D,Hager 3480 Storeroom 2-3/4 WTN NC ASA IC,,,,,,,,,,,reca9nXUTzMaiT3Vd,,,,,2610,,,,,
"Hardware: Hager, Hinges, ECBB 1102 4.5x4.5, US26D",Hardware,Hager,Hinges,,,ECBB 1102 4.5x4.5,US26D,Hager EC1102 4.5x4.5 Full Mortise Ball Bearing Heavy Weight Hinge,,,,,,,,,,,recaGiArEcdxQndjS,,,,,2668,,,,,
"Hardware: Hager, Locks, 3896 ESC 26D.WTN, US26D",Hardware,Hager,Locks,,,3896 ESC 26D.WTN,US26D,Hager 3896E Privacy with Indicator ESC 26D WTN,,,,,,,,,,,recaIbCL4tQjZXjP2,,,,,2622,,,,,
"Hardware: Hager, Hinges, 1303 6, US26D",Hardware,Hager,Hinges,,,1303 6,US26D,Hager 1303 6 Full Surface Double Acting Spring Hinge,,,,,,,,,,,recaek9fCTzD2wWVM,,,,,2575,,,,,
"Hardware: Hager, Kick Plate, 190S 10x42, US32D",Hardware,Hager,Kick Plate,,,190S 10x42,US32D,Hager 190S 10x42 Kick Plate,,,,,,,,,,,recb3evuv2555o8Ds,,,,,3443,,,,,
"Hardware: Hager, Threshold, 900S 36 BLK, BLK",Hardware,Hager,Threshold,,,900S 36 BLK,BLK,Hager 900S Vinyl Threshold,,,,,,,,,,,recb5Onmcl60e8bbq,,,,,301,,,,,
"Hardware: Hager, Exit Device Lever, 45BE REV 2 AUG, US26D",Hardware,Hager,Exit Device Lever,,,45BE REV 2 AUG,US26D,Hager 45 Blank Escutcheon Trim August Lever,,,,,,,,,,,recb6ccRMNoxPB0Am,,,,,2541,,,,,
"Hardware: Hager, Locks, 3902 MORT CYL 1-1/8 6PCYL SCC KD, US26D",Hardware,Hager,Locks,,,3902 MORT CYL 1-1/8 6PCYL SCC KD,US26D,Hager 3902 Mortise Cylinder 1-1/8 6PCYL SCC KD,,,,,,,,,,,recbgKFJzRXFdCrwg,,,,,2630,,,,,
"Hardware: Hager, Flush Bolt, 291D, US32D",Hardware,Hager,Flush Bolt,,,291D,US32D,Hager 291D Automatic Flush Bolt Set for Wood Covered Composite Doors,,,,,,,,,,,recbnc6GeV9An7Gqt,,,,,3451,,,,,
"Hardware: Hager, Cylindrical Single Dummy, 2517 WTN, US26D",Hardware,Hager,Cylindrical Single Dummy,,,2517 WTN,US26D,Hager 2517 Single Dummy WTN,,,,,,,,,,,recbouYRWgnQjqNc5,,,,,2581,,,,,
"Hardware: Hager, Closer, 5200 TRK 1-6 ALM NHOTA, ALM",Hardware,Hager,Closer,,,5200 TRK 1-6 ALM NHOTA,ALM,Hager 5200 Grade 1 Closer with Adjustable Non-Hold/Open Track Arm,,,,,,,,,,,recc8vBMnae46G9cT,,,,,154,,,,,
"Hardware: Hager, Locks, 3896 ESC 26D.WLM, US26D",Hardware,Hager,Locks,,,3896 ESC 26D.WLM,US26D,Hager 3896E Privacy with Indicator ESC 26D WLM,,,,,,,,,,,reccGhrK1W20TVAss,,,,,2620,,,,,
"Hardware: Hager, Cylindrical Lock, 2550 2-3/4 ARC SCC KD ASA, US26D",Hardware,Hager,Cylindrical Lock,,,2550 2-3/4 ARC SCC KD ASA,US26D,Hager 2550 Office 2-3/4 ARC SCC KD ASA,,,,,,,,,,,reccTPwWjOPPMCkjy,,,,,2591,,,,,
"Hardware: Hager, Sliding Hardware, 901S 36 BLK, BLK",Hardware,Hager,Sliding Hardware,,,901S 36 BLK,BLK,Hager 901S Vinyl Threshold,,,,,,,,,,,recccsD24MUB7pwP5,,,,,302,,,,,
"Hardware: Hager, Door Pull, 34J 4x16, US32D",Hardware,Hager,Door Pull,,,34J 4x16,US32D,Hager 34J 4x16 Pull Plate Square Corner,,,,"221,226",ID_O_107A,"""""""Hardware: Hager, Door Pull, 34J 4x16, US32D""""""",,,,Project A _Brooklyn NY ,recd1gN7y9mrWcnXm,,,,,3436,,,,,
"Hardware: Hager, Exit Device, 4501 LBR 36x84 EO, US26D",Hardware,Hager,Exit Device,,,4501 LBR 36x84 EO,US26D,Hager 4501 Surface Vertical Exit Rod Less Bottom Rod Device 36x84 EO,,,,,,,,,,,recdBufDaI3uZNuo3,,,,,2655,,,,,
"Hardware: Hager, Trim & Auxiliary, 336J 15/16x2-1/4 USP, N/A",Hardware,Hager,Trim & Auxiliary,,,336J 15/16x2-1/4 USP,N/A,Hager 336J 15/16x2-1/4 Flush Bolt Strike Filler Plate,,,,,,,,,,,recdh1kOaLMkzZLMl,,,,,456,,,,,
"Hardware: Hager, Locks, 3942 ADJ 2-3/8 TO 2-3/4 FP1, US26D",Hardware,Hager,Locks,,,3942 ADJ 2-3/8 TO 2-3/4 FP1,US26D,Hager 3942 Adjustable 2-3/8 to 2-3/4 Backset Deadbolt FP1,,,,,,,,,,,receMqGfmmG9xYi8d,,,,,2637,,,,,
"Hardware: Hager, Trim & Auxiliary, 324W, US26D",Hardware,Hager,Trim & Auxiliary,,,324W,US26D,Hager 324W Light Duty Wall Bumper,,,,,,,,,,,receUmTKDALXEjbrA,,,,,2570,,,,,
"Hardware: Hager, Exit Device Lever, 45MB WTN, US26D",Hardware,Hager,Exit Device Lever,,,45MB WTN,US26D,Hager 45 Mortise Blank Escutcheon Trim Withnell Lever,,,,,,,,,,,recehrioqyzZOyQyp,,,,,2550,,,,,
"Hardware: Hager, Silencer, 307D, Gray",Hardware,Hager,Silencer,,,307D,Gray,Hager 307D Door Silencer,,,,,,,,,,,recemTK4UzRc7pAAu,,,,,394,,,,,
"Hardware: Hager, Wall Stop, 232W, US26D",Hardware,Hager,Wall Stop,,,232W,US26D,Hager 232W Convex Wall Stop,,,$1.00,"412,422",,"""""""Hardware: Hager, Wall Stop, 232W, US26D""""""",,,,Home 2 Suites & Tru by Hilton_VA 24201,recenPVrohMdIhd6e,,,,,2557,,,,,
"Hardware: Hager, Closer, 5200 PAR ADJ 1-6 ALM HDCS, ALM",Hardware,Hager,Closer,,,5200 PAR ADJ 1-6 ALM HDCS,ALM,Hager 5200 Grade 1 Closer Parallel Arm Mount Adjustable Extra Heavy Duty Arm With Cushion Stop Arm,,,,,,,,,,,receuYplOtx7wFOiv,,,,,151,,,,,
"Hardware: Hager, Locks, 3902 MORT CYL 1-1/2 LF STDCAM LFIC, US26D",Hardware,Hager,Locks,,,3902 MORT CYL 1-1/2 LF STDCAM LFIC,US26D,Hager 3902 Mortise Cylinder 1-1/2 LF STDCAM LFIC,,,,,,,,,,,recfFmm7qgBZHDIQ3,,,,,2627,,,,,
"Hardware: Hager, Exit Device Lever, 45CE WRN RHR/LH NC, US26D",Hardware,Hager,Exit Device Lever,,,45CE WRN RHR/LH NC,US26D,Hager 45 Cylinder Escutcheon Trim Warren Lever NC,,,,,,,,,,,recfOmFfnFqm9w3ny,,,,,2549,,,,,
"Hardware: Hager, Levers, 3470 2-3/4 WTN NC ASA IC REV1, US26D",Hardware,Hager,Levers,,,3470 2-3/4 WTN NC ASA IC REV1,US26D,Hager 3470 Classroom 2-3/4 WTN NC ASA IC REV1,,,,,,,,,,,recfW7V4sRZZAmx5A,,,,,2609,,,,,
"Hardware: Hager, Flush Bolt, 282D, US10B",Hardware,Hager,Flush Bolt,,,282D,US10B,Hager 282D Manual Flush Bolt for Metal Doors,,,,,,,,,,,recfjgHBg0nXG3mVe,,,,,929,,,,,
"Hardware: Hager, Dome Stop, 241F, US10B",Hardware,Hager,Dome Stop,,,241F,US10B,Hager 241F Low Dome Floor Stop,,,,,,,,,,,recgCBIGVqVCeqaJT,,,,,928,,,,,
"Hardware: Hager, Cylindrical Lock, 2550 2-3/4 WTN SCC KD ASA, US26D",Hardware,Hager,Cylindrical Lock,,,2550 2-3/4 WTN SCC KD ASA,US26D,Hager 2550 Office 2-3/4 WTN SCC KD ASA,,,,,,,,,,,recgJIdLl2E5T5LOQ,,,,,2593,,,,,
"Hardware: Hager, Closer, 5200 MLT ADJ 1-6 ALM BF, ALM",Hardware,Hager,Closer,,,5200 MLT ADJ 1-6 ALM BF,ALM,Hager 5200 Grade 1 Closer Multi Mount Adjustable BF,,,$4.96,"436,441,447,456,465,474,487,494,504,516,522,528,534,540,546,552,558,564,570,576,582,589,605",,"""""""Hardware: Hager, Closer, 5200 MLT ADJ 1-6 ALM BF, ALM"""""",""""""Hardware: Hager, Closer, 5200 MLT ADJ 1-6 ALM BF, ALM""""""",13,$98.00,,"H2S Brooklyn _Brooklyn NY,""""""Home 2 Suites - Springfield, OH_"""", """"Home 2 Suites - Springfield, OH_"""", """"Home 2 Suites - Springfield, OH_"""", """"Home 2 Suites - Springfield, OH_"""", """"Home 2 Suites - Springfield, OH_""""""",recgOoqq2trekKUUQ,,,,,149,,,,,
"Hardware: Hager, Kick Plate, 190S 10x34, US32D",Hardware,Hager,Kick Plate,,,190S 10x34,US32D,Hager 190S 10x34 Kick Plate,,,,,,,,,,,recgj6sh49VWQROyS,,,,,3440,,,,,
"Hardware: Hager, Exit Device, 4501 LBR FR 36x96, US26D",Hardware,Hager,Exit Device,,,4501 LBR FR 36x96,US26D,Hager 4501 Fire Rated Surface Vertical Exit Rod Less Bottom Rod Device 36x96,,,,,,,,,,,rech893UBMA1Erx9i,,,,,2646,,,,,
"Hardware: Hager, Exit Device, 4501 SVR FR 36x96, US26D",Hardware,Hager,Exit Device,,,4501 SVR FR 36x96,US26D,Hager 4501 Fire Rated Surface Vertical Rod 36x96,,,,,,,,,,,rech9XD4WL312I5Qv,,,,,2651,,,,,
"Hardware: Hager, Kick Plate, 190S 10x40, US32D",Hardware,Hager,Kick Plate,,,190S 10x40,US32D,Hager 190S 10x40 Kick Plate,,,,,,,,,,,rechBVy7g7tZ0ey12,,,,,3442,,,,,
"Hardware: Hager, Roller Bumper, 273W, US26D",Hardware,Hager,Roller Bumper,,,273W,US26D,Hager 273W Kick Down Door Holder,,,,,,,,,,,rechJ1gKlbL0fCTrG,,,,,2564,,,,,
"Hardware: Hager, Hinges, BB1279 4.5x6, US14",Hardware,Hager,Hinges,,,BB1279 4.5x6,US14,Hager BB1279 4.5x6 Full Mortise Ball Bearing Hinge,,,$3.96,,,,,,,,rechNsodumunRbSiO,,,,,934,,,,,
"Hardware: Hager, Hinges, ECBB 1100 4.5x4.5, US4",Hardware,Hager,Hinges,,,ECBB 1100 4.5x4.5,US4,Hager ECBB1100 4.5x4.5 Full Mortise Ball Bearing Hinge,,,,,,,,,,,rechzTTtFRTzjfxsV,,,,,724,,,,,
"Hardware: Hager, Strike, 380S 12x24 L2, N/A",Hardware,Hager,Strike,,,380S 12x24 L2,N/A,Hager 380S 12x24 L2 Surface Mount Electromagnetic Door Holder,,,,,,,,,,,reciNgCZU4i5Gaoc1,,,,,458,,,,,
"Hardware: Hager, Exit Device, 4930 RIM SHIM KIT, US26D",Hardware,Hager,Exit Device,,,4930 RIM SHIM KIT,US26D,Hager 4930R Shim Kits,,,,,,,,,,,recieq4L7gCJJtsVc,,,,,2659,,,,,
"Hardware: Hager, Exit Device, 4930 SVR SHIM KIT, US26D",Hardware,Hager,Exit Device,,,4930 SVR SHIM KIT,US26D,Hager 4930S Shim Kits,,,,,,,,,,,recihiZj982Gh9Pl4,,,,,2660,,,,,
"Hardware: Hager, Exit Device, 4501 LBR FR 36x84 EO, US26D",Hardware,Hager,Exit Device,,,4501 LBR FR 36x84 EO,US26D,Hager 4501 Fire Rated Surface Vertical Exit Rod Less Bottom Rod Device 36x84 EO,,,,,,,,,,,recis4UPxHxkYcRUV,,,,,2644,,,,,
"Hardware: Hager, Trim & Auxiliary, 324W US3, US3",Hardware,Hager,Trim & Auxiliary,,,324W US3,US3,Hager 324W Light Duty Wall Bumper,,,,,,,,,,,recj41gHWjMT4E3dL,,,,,574,,,,,
"Hardware: Hager, Flush Bolt, 292D, US10B",Hardware,Hager,Flush Bolt,,,292D,US10B,Hager 292D Automatic Flush Bolt Set for Metal Doors,,,,,,,,,,,recj6jPMmELg1xF8l,,,,,931,,,,,
"Hardware: Hager, Strike, 381E 1.5 LS, N/A",Hardware,Hager,Strike,,,381E 1.5 LS,N/A,Hager 381E 1.5 LS Extension Rods,,,,,,,,,,,recjX1HjQq0ZwlTKl,,,,,463,,,,,
"Hardware: Hager, Exit Device, 4501 LBR 36x84 BLK, BLK",Hardware,Hager,Exit Device,,,4501 LBR 36x84 BLK,BLK,Hager 4501 Surface Vertical Exit Rod Less Bottom Rod Device 36x84,,,,,,,,,,,recjdtTGhXR9mhTZF,,,,,306,,,,,
"Hardware: Hager, Locks, 3220 ADJ, US26D",Hardware,Hager,Locks,,,3220 ADJ,US26D,Hager 3220 Thumbturn Only with Blank Plate,,,,,,,,,,,recje65JjWksPUFVr,,,,,2604,,,,,
"Hardware: Hager, Hinges, ECBB 1101 4.5x4.5, US32D",Hardware,Hager,Hinges,,,ECBB 1101 4.5x4.5,US32D,Hager EC1101 4.5x4.5 Full Mortise Ball Bearing Hinge,,,,,,,,,,,reck34A9L8cjrTJ1r,,,,,3470,,,,,
"Hardware: Hager, Cylindrical Lock, 2540 2-3/4 ARC ASA, US26D",Hardware,Hager,Cylindrical Lock,,,2540 2-3/4 ARC ASA,US26D,Hager 2540 Privacy 2-3/4 ARC ASA,,,,,,,,,,,reck9pyF5NsVNaFdG,,,,,2584,,,,,
"Hardware: Hager, Cylindrical Lock, 2580 2-3/4 ARC NC ASA IC, US26D",Hardware,Hager,Cylindrical Lock,,,2580 2-3/4 ARC NC ASA IC,US26D,Hager 2580 Storeroom 2-3/4 ARC NC ASA IC,,,,,,,,,,,reckYjjPxMlbL8ZJp,,,,,2596,,,,,
"Hardware: Hager, Exit Device Lever, 2525 2-3/4 ARC ASA, US26D",Hardware,Hager,Exit Device Lever,,,2525 2-3/4 ARC ASA,US26D,Hager 2525 Exit 2-3/4 ARC ASA,,,,,,,,,,,reckmet2HAsXXERZu,,,,,2582,,,,,
"Hardware: Hager, Trim & Auxiliary, 321R, US15",Hardware,Hager,Trim & Auxiliary,,,321R,US15,Hager 321R Adjustable Ball Catch with Strike,,,,,,,,,,,recl9UpXOAjJxxlof,,,,,984,,,,,
"Hardware: Hager, Cylindrical Lock, 2540 2-3/8 26D.ARC.FULL, US26D",Hardware,Hager,Cylindrical Lock,,,2540 2-3/8 26D.ARC.FULL,US26D,Hager 2540 Privacy 2-3/8 ARC Full,,,,,,,,,,,reclNXrjiBbyFqJbk,,,,,2586,,,,,
"Hardware: Hager, Exit Device Lever, 45NL AUG NC, US26D",Hardware,Hager,Exit Device Lever,,,45NL AUG NC,US26D,Hager 45 Night Latch Trim August Lever NC,,,,,,,,,,,reclUyskaThOzoxOo,,,,,2553,,,,,
"Hardware: Hager, Locks, 3880 ESC 26D.ARC.FULL.SCC.KD, US26D",Hardware,Hager,Locks,,,3880 ESC 26D.ARC.FULL.SCC.KD,US26D,Hager 3880E Storeroom ESC 26D ARC FULL SCC KD,,,,,,,,,,,recloTFxPrFYEMxmw,,,,,2617,,,,,
"Hardware: Hager, Exit Device, 4930 RIM SHIM KIT, US32D",Hardware,Hager,Exit Device,,,4930 RIM SHIM KIT,US32D,Hager 4930R Shim Kits,,,,,,,,,,,reclq5Krp3sqFMb3n,,,,,3465,,,,,
"Hardware: Hager, Hinges, ECBB 1100 4.5x4.5, US26D",Hardware,Hager,Hinges,,,ECBB 1100 4.5x4.5,US26D,Hager ECBB1100 4.5x4.5 Full Mortise Ball Bearing Hinge,,,,,,,,,,,recmVjKnbpaW1EXtE,,,,,2670,,,,,
"Hardware: Hager, Locks, 3901 RIM CYLINDER NC IC6, US26D",Hardware,Hager,Locks,,,3901 RIM CYLINDER NC IC6,US26D,Hager 3901 Rim Cylinder NC IC6,,,,,,,,,,,recmY20uLGlUvwxEN,,,,,2624,,,,,
"Hardware: Hager, Exit Device, 4929 SVR/LBR ROD REPL PK 45-1/4, US26D",Hardware,Hager,Exit Device,,,4929 SVR/LBR ROD REPL PK 45-1/4,US26D,Hager 4929 Rod Replacement Kit,,,,,,,,,,,recmbk51GpyC7tM83,,,,,2658,,,,,
"Hardware: Hager, Hinges, EC 1105 4.5x4.5, US4",Hardware,Hager,Hinges,,,EC 1105 4.5x4.5,US4,Hager EC1105 4.5x4.5 Full Mortise Spring Hinge,,,,,,,,,,,recmiLa1W2bkJtPxQ,,,,,723,,,,,
"Hardware: Hager, Exit Device, 4501 RIM FR 48 EO, US26D",Hardware,Hager,Exit Device,,,4501 RIM FR 48 EO,US26D,Hager 4501 Rim Device 48 EO Fire Rated,,,,,,,,,,,recmylwyfMe7zplli,,,,,2654,,,,,
"Hardware: Hager, Exit Device, 4936 24 EXT ROD KIT, US26D",Hardware,Hager,Exit Device,,,4936 24 EXT ROD KIT,US26D,Hager 4936 24 Extension Rod Kit,,,,,,,,,,,recntALFS6dnLauTl,,,,,2661,,,,,
"Hardware: Hager, Cylindrical Passage, 2510 2-3/4 WTN ASA, US26D",Hardware,Hager,Cylindrical Passage,,,2510 2-3/4 WTN ASA,US26D,Hager 2510 Passage 2-3/4 WTN ASA,,,,"515,521,527,533,539,545,551,557,563,569,575,581,604",,"""""""Hardware: Hager, Cylindrical Passage, 2510 2-3/4 WTN ASA, US26D""""""",14,$98.00,,"""""""Home 2 Suites - Springfield, OH_"""", """"Home 2 Suites - Springfield, OH_"""", """"Home 2 Suites - Springfield, OH_"""", """"Home 2 Suites - Springfield, OH_"""", """"Home 2 Suites - Springfield, OH_""""""",recoCiALt3MSSLLva,,,,,2577,,,,,
"Hardware: Hager, Locks, 3962 .SCC.CHG.VKC, N/A",Hardware,Hager,Locks,,,3962 .SCC.CHG.VKC,N/A,Hager 3962 Cut Key 6-Pin SCC CHG VKC,,,,,,,,,,,recoYaGQ0xEKYeeVS,,,,,468,,,,,
"Hardware: Hager, Locks, 3935 ASA STRIKE 1-5/16, US4",Hardware,Hager,Locks,,,3935 ASA STRIKE 1-5/16,US4,Hager 3935 1-5/16 ASA Strike,,,,,,,,,,,recoensMM9d46ajv4,,,,,722,,,,,
"Hardware: Hager, Threshold, 478S 36 MIL NEOPRENE, N/A",Hardware,Hager,Threshold,,,478S 36 MIL NEOPRENE,N/A,Hager 478S Threshold,,,,,,,,,,,recojaezAciiZ5xsL,,,,,466,,,,,
"Hardware: Hager, Cylindrical Lock, 2580 2-3/4 26D.WTN.SCC.KA.ASA, US26D",Hardware,Hager,Cylindrical Lock,,,2580 2-3/4 26D.WTN.SCC.KA.ASA,US26D,Hager 2580 Storeroom 2-3/4 WTN SCC KA ASA,,,,,,,,,,,recozeUu87uAynHsV,,,,,2600,,,,,
"Hardware: Hager, Exit Device, 4940 ALARM KIT 36, US26D",Hardware,Hager,Exit Device,,,4940 ALARM KIT 36,US26D,Hager 4940 4500 Alarm Kit,,,,,,,,,,,recp0svcRnB3ytexb,,,,,2662,,,,,
"Hardware: Hager, Hinges, 1279 4x4, US26D",Hardware,Hager,Hinges,,,1279 4x4,US26D,Hager 1279 4x4 Full Mortise Plain Bearing Hinge,,,,,,,,,,,recpFIAUskT9w88Aa,,,,,2574,,,,,
"Hardware: Hager, Threshold, 431S 72 MIL, N/A",Hardware,Hager,Threshold,,,431S 72 MIL,N/A,Hager 431S 72 Threshold - Half Saddle,,,,,,,,,,,recqGjvZ7NmS8490T,,,,,464,,,,,
"Hardware: Hager, Exit Device, 4501 RIM 36 BLK, BLK",Hardware,Hager,Exit Device,,,4501 RIM 36 BLK,BLK,Hager 4501 Rim Device 36,,,,,,,,,,,recqOmT8xmt0CwYnc,,,,,305,,,,,
"Hardware: Hager, Flush Bolt, 294D, US32D",Hardware,Hager,Flush Bolt,,,294D,US32D,Hager 294D Constant Latching Flush Bolt Set for Wood Doors,,,,,,,,,,,recrAwhYvHkkn5itt,,,,,3454,,,,,
"Hardware: Hager, Exit Device Lever, 45CE BLK AUG NC, BLK",Hardware,Hager,Exit Device Lever,,,45CE BLK AUG NC,BLK,Hager 45 Cylinder Escutcheon Trim August Lever NC,,,,,,,,,,,recrB2ISqRsWMI47Z,,,,,300,,,,,
"Hardware: Hager, Exit Device, 4945 FR 32D-4501C TOP STRIKE FIRE RATED, US32D",Hardware,Hager,Exit Device,,,4945 FR 32D-4501C TOP STRIKE FIRE RATED,US32D,Hager 4945F Top Strike For Fire Rated 400 Series Concealed Vertical Rod,,,,,,,,,,,recrJLzTBqhoqB7AV,,,,,3467,,,,,
"Hardware: Hager, Wall Stop, 232W, US32D",Hardware,Hager,Wall Stop,,,232W,US32D,Hager 232W Convex Wall Stop,,,,,,,,,,,recrJmUw7IbFzrfGu,,,,,3449,,,,,
"Hardware: Hager, Kick Plate, 190S 10x34, US4",Hardware,Hager,Kick Plate,,,190S 10x34,US4,Hager 190S 10x34 Kick Plate,,,,,,,,,,,recrKSb20OqgEiTpc,,,,,717,,,,,
"Hardware: Hager, Locks, 3896 ESC 26D.WRN.LHR, US26D",Hardware,Hager,Locks,,,3896 ESC 26D.WRN.LHR,US26D,Hager 3896E Privacy with Indicator ESC 26D WRN LHR,,,,,,,,,,,recrccMR9JMaTxXss,,,,,2621,,,,,
"Hardware: Hager, Screws, 1-300-7175, N/A",Hardware,Hager,Screws,,,1-300-7175,N/A,Hager Screws 12-24 x 1/2 FPHM,,,,,,,,,,,recrm3XY0QxyhVgqm,,,,,479,,,,,
"Hardware: Hager, Spring Cage, SPRING CAGE/ HANDING PIN (4500), N/A",Hardware,Hager,Spring Cage,,,SPRING CAGE/ HANDING PIN (4500),N/A,Hager Spring Cage,,,,,,,,,,,recsFGJEhfVoxd1O8,,,,,480,,,,,
"Hardware: Hager, Kick Plate, 190S 34x30, US32D",Hardware,Hager,Kick Plate,,,190S 34x30,US32D,Hager 190S 34x30 Kick Plate,,,,,,,,,,,recsNhyS7bLZBPCpT,,,,,3447,,,,,
"Hardware: Hager, Wall Stop, 234W, US26D",Hardware,Hager,Wall Stop,,,234W,US26D,Hager 234W Heavy Duty Concave Wall Stop,,,,,,,,,,,recsSIovw87ycv6So,,,,,2558,,,,,
"Hardware: Hager, Kick Plate, 190S 34x34, US32D",Hardware,Hager,Kick Plate,,,190S 34x34,US32D,Hager 190S 34x34 Kick Plate,,,,,,,,,,,recsyBcBbMPRM2sTP,,,,,3448,,,,,
"Hardware: Hager, Cylindrical Lock, 2540 2-3/8 26D.WTN.ASA, US26D",Hardware,Hager,Cylindrical Lock,,,2540 2-3/8 26D.WTN.ASA,US26D,Hager 2540 Privacy 2-3/8 WTN ASA,,,,,,,,,,,rect0rP15ToQxAAsd,,,,,2588,,,,,
"Hardware: Hager, Exit Device, 4501 SVR 36x84, US26D",Hardware,Hager,Exit Device,,,4501 SVR 36x84,US26D,Hager 4501 Surface Vertical Rod 36x84,,,,,,,,,,,rectCJzz0VCtbXA5x,,,,,2656,,,,,
"Hardware: Hager, Hinges, EC 1100 4.5x4.5, US26D",Hardware,Hager,Hinges,,,EC 1100 4.5x4.5,US26D,Hager EC1100 4.5x4.5 Full Mortise Plain Bearing Hinge,,,,,"ID_E_109A,ID_P_214",,,,,,rectIQAJrNLukhvLG,,,,,2667,,,,,
"Hardware: Hager, Exit Device Lever, 45BE REV 2 ARC, US26D",Hardware,Hager,Exit Device Lever,,,45BE REV 2 ARC,US26D,Hager 45 Blank Escutcheon Trim Archer Lever For Door Size 1-3/4 to 3,,,,,,,,,,,rectPOZ53UBwmEEu0,,,,,2540,,,,,
"Hardware: Hager, Levers, 3510 2-3/4 AUG ASA, US26D",Hardware,Hager,Levers,,,3510 2-3/4 AUG ASA,US26D,Hager 3510 Passage 2-3/4 AUG ASA,,,,,,,,,,,rectUGu3zpwmAwQzD,,,,,2612,,,,,
"Hardware: Hager, Closer, 5200 PAR ADJ 1-6 ALM HDHOCS, ALM",Hardware,Hager,Closer,,,5200 PAR ADJ 1-6 ALM HDHOCS,ALM,Hager 5200 Grade 1 Closer Parallel Arm Mount Adjustable Extra Heavy Duty Hold Open Arm With Cushion Stop Arm,,,,,,,,,,,rectYFrp9ds2nmsWy,,,,,152,,,,,
"Hardware: Hager, Exit Device, 4501 RIM FR 36, US32D",Hardware,Hager,Exit Device,,,4501 RIM FR 36,US32D,Hager 4501 Rim Device 36 Fire Rated,,,,,,,,,,,rectgbxZJ2ZP458bG,,,,,3459,,,,,
"Hardware: Hager, Exit Device, 4501 SVR FR 24x96, US26D",Hardware,Hager,Exit Device,,,4501 SVR FR 24x96,US26D,Hager 4501 Fire Rated Surface Vertical Rod 24x96,,,,,,,,,,,rectrNOzAsCKDtGRo,,,,,2649,,,,,
"Hardware: Hager, Cylindrical Lock, 2550 2-3/4 WTN NC/IC ASA, US26D",Hardware,Hager,Cylindrical Lock,,,2550 2-3/4 WTN NC/IC ASA,US26D,Hager 2550 Office 2-3/4 WTN NC/IC ASA,,,,,,,,,,,recuNEGuQkaOqx9cn,,,,,2592,,,,,
"Hardware: Hager, Strike, 380S 24x120 LS, N/A",Hardware,Hager,Strike,,,380S 24x120 LS,N/A,Hager 380S 24x120 LS Surface Mount Electromagnetic Door Holder,,,,,,,,,,,recv9DFAYorfbSKXW,,,,,461,,,,,
"Hardware: Hager, Rim Device, 4500/4600 End Cap, US26",Hardware,Hager,Rim Device,,,4500/4600 End Cap,US26,Hager 4500/4600 End Cap Replacement Pack,,,,,,,,,,,recvAYND8S8ptmwKX,,,,,1116,,,,,
"Hardware: Hager, Locks, 3950 FP1 DEAD LATCH 2-3/8, US26D",Hardware,Hager,Locks,,,3950 FP1 DEAD LATCH 2-3/8,US26D,Hager 3950 2-3/8 Latchbolt - Dead Latch,,,,,,,,,,,recvOFkn96SrlZGEJ,,,,,2638,,,,,
"Hardware: Hager, Hinges, EC 1105 4.5x4.5, US26D",Hardware,Hager,Hinges,,,EC 1105 4.5x4.5,US26D,Hager EC1105 4.5x4.5 Full Mortise Spring Hinge,,,,,,,,,,,recvUoFurFZdvTwQ5,,,,,2669,,,,,
"Hardware: Hager, Sliding Hardware, 904S 36 BLK, BLK",Hardware,Hager,Sliding Hardware,,,904S 36 BLK,BLK,Hager 904S Vinyl Threshold,,,,,,,,,,,recvhCcHwx2ViZ1at,,,,,303,,,,,
"Hardware: Hager, Trim & Auxiliary, 323S, US26D",Hardware,Hager,Trim & Auxiliary,,,323S,US26D,Hager 323S Three-Way Ball Catch,,,,,,,,,,,recvnezDwVPEijo80,,,,,2569,,,,,
"Hardware: Hager, Trim & Auxiliary, 330M 1-3/4, US26D",Hardware,Hager,Trim & Auxiliary,,,330M 1-3/4,US26D,Hager 330M 1-3/4 Privacy Pocket Door Latch,,,,,,,,,,,recvvtsca6gooBdSB,,,,,2571,,,,,
"Hardware: Hager, Sliding Hardware, 9115 BTM DR GUIDE, N/A",Hardware,Hager,Sliding Hardware,,,9115 BTM DR GUIDE,N/A,Hager 9115 Bottom Door Guide,,,,,,,,,,,recwU1dQ4hwL2J3uA,,,,,476,,,,,
"Hardware: Hager, Flush Pull, 27N 5x5, US32D",Hardware,Hager,Flush Pull,,,27N 5x5,US32D,Hager 27N 5x5 Security Flush Cup Pull,,,,,ID_E_109A,,,,,,recwVhldTNlrOJ1GU,,,,,3434,,,,,
"Hardware: Hager, Locks, 3902 MORT CYL 1-5/8 NC STDCAM IC7, US26D",Hardware,Hager,Locks,,,3902 MORT CYL 1-5/8 NC STDCAM IC7,US26D,Hager 3902 Mortise Cylinder 1-5/8 NC STDCAM IC7,,,,,,,,,,,recwekellCQL3CMe9,,,,,2632,,,,,
"Hardware: Hager, Closer, 5200, US26D",Hardware,Hager,Closer,,,5200,US26D,Hager 5200 Grade 1 Closer Multi Mount Adjustable BF,,,$51.67,"415,425,485,492,502",ID_H_165,"""""""Hardware: Hager, Closer, 5200, US26D""""""",,,,"Home 2 Suites & Tru by Hilton_VA 24201,H2S Brooklyn _Brooklyn NY",recwoAVp00lSuwIGh,,,,,2663,,,,,
"Hardware: Hager, Locks, 3902 MORTISE CYLINDER 1-1/4 6PCYL SCC KD, US26D",Hardware,Hager,Locks,,,3902 MORTISE CYLINDER 1-1/4 6PCYL SCC KD,US26D,Hager 3902 Mortise Cylinder 1-1/4 6PCYL SCC KD,,,,,,,,,,,recxNxHkHNkyb7IQV,,,,,2628,,,,,
"Hardware: Hager, Locks, 3216 ADJ THUMBTURN W/IND, US26D",Hardware,Hager,Locks,,,3216 ADJ THUMBTURN W/IND,US26D,Hager Thumbturn x Occupancy Indicator,,,,,,,,,,,recxW2DoHDJYRe5HT,,,,,2673,,,,,
"Hardware: Hager, Flush Bolt, 297D 48, N/A",Hardware,Hager,Flush Bolt,,,297D 48,N/A,Hager 297D 48 Coordinator with Filler Bar,,,,,,,,,,,recxhYnyS8OLto4y4,,,,,454,,,,,
"Hardware: Hager, Locks, 3410 2-3/4 WTN ASA, US26D",Hardware,Hager,Locks,,,3410 2-3/4 WTN ASA,US26D,Hager 3410 Passage 2-3/4 WTN ASA,,,,,,,,,,,recxkXOpwBTQlCfLq,,,,,2606,,,,,
"Hardware: Hager, Locks, 3896 SECT WTN, US26D",Hardware,Hager,Locks,,,3896 SECT WTN,US26D,Hager 3896E Privacy with Indicator SECT WTN,,,,,,,,,,,recyHPCvMl9S3fZlg,,,,,2623,,,,,
"Hardware: Hager, Exit Device, 4927 BOTTOM LATCH ASSEMBLY, US26D",Hardware,Hager,Exit Device,,,4927 BOTTOM LATCH ASSEMBLY,US26D,Hager 4927 Bottom Latch Assembly,,,,,,,,,,,recyfuMlNTCa56swI,,,,,2657,,,,,
"Hardware: Hager, Locks, 3220 ADJ, US4",Hardware,Hager,Locks,,,3220 ADJ,US4,Hager 3220 Thumbturn Only with Blank Plate,,,,,,,,,,,recz2uasdqDDBDRdk,,,,,721,,,,,
"Hardware: Pemko, Threshold, 171A36, Mill Finish Aluminum",Hardware,Pemko,Threshold,,,171A36,Mill Finish Aluminum,Pemko 171 Saddle Threshold 36,,,,,,,,,,,rec8RHYL4qHWDVzgE,,,,,400,,,,,
"Hardware: Pemko, Latch, PDLAA10BE, Satin Bronze",Hardware,Pemko,Latch,,,PDLAA10BE,Satin Bronze,Pemko PDLAA Hospitality Privacy Door Latch,,,,"414,424",,"""""""Hardware: Pemko, Latch, PDLAA10BE, Satin Bronze""""""",,,,Home 2 Suites & Tru by Hilton_VA 24201,rec0RWdyeliOhSeHD,,,,,529,,,,,
"Hardware: Pemko, Door Bottom Sweep, PEM57, N/A",Hardware,Pemko,Door Bottom Sweep,,,PEM57,N/A,Pemko 57 Door Bottom Sweep,,,,,,,,,,,rec0SA9kzmm6DpuCg,,,,,481,,,,,
"Hardware: Pemko, Door Bottom Sweep, PEM90062, N/A",Hardware,Pemko,Door Bottom Sweep,,,PEM90062,N/A,Pemko 90062 Door Bottom Sweep,,,,,,,,,,,rec0ltOOlbUrknelC,,,,,498,,,,,
"Hardware: Pemko, Hinges, CHS83HD1, Clear",Hardware,Pemko,Hinges,,,CHS83HD1,Clear,Pemko HS HD Half Surface Hinge,,,,,,,,,,,rec1gEhIZTLqyQJwZ,,,,,355,,,,,
"Hardware: Pemko, Threshold, 172A36, Mill Finish Aluminum",Hardware,Pemko,Threshold,,,172A36,Mill Finish Aluminum,Pemko 172 Saddle Threshold 36,,,,,,,,,,,rec20hF1OiaNP7A9T,,,,,404,,,,,
"Hardware: Pemko, Weatherstripping, 346C44, Clear",Hardware,Pemko,Weatherstripping,,,346C44,Clear,Pemko 346 Door Top Weatherstrip 44,,,,,,,,,,,rec2Yg5SCf6DiAWuP,,,,,344,,,,,
"Hardware: Pemko, Latch, PDLAABSP, Black",Hardware,Pemko,Latch,,,PDLAABSP,Black,Pemko PDLAA Hospitality Privacy Door Latch,,,,,,,,,,,rec37Iu18oA1VBEdo,,,,,230,,,,,
"Hardware: Pemko, Door Shoe, 2170DV36, Dark Brown",Hardware,Pemko,Door Shoe,,,2170DV36,Dark Brown,Pemko 2170 V Door Shoe 36,,,,,,,,,,,rec3amGsVaQZIqo9i,,,,,381,,,,,
"Hardware: Pemko, Weatherstripping, 346C52, Clear",Hardware,Pemko,Weatherstripping,,,346C52,Clear,Pemko 346 Door Top Weatherstrip 52,,,,,,,,,,,rec3kMWTSXPXavXqi,,,,,346,,,,,
"Hardware: Pemko, Weatherstripping, 303APK48, Mill Finish Aluminum",Hardware,Pemko,Weatherstripping,,,303APK48,Mill Finish Aluminum,Pemko 303 PK Split Astragal 48,,,,,,,,,,,rec3xeFwSxPnuhpHH,,,,,410,,,,,
"Hardware: Pemko, Door Bottom, 412CPKL36, Clear",Hardware,Pemko,Door Bottom,,,412CPKL36,Clear,Pemko 412 PKL Automatic Door Bottom 36,,,,,,,,,,,rec3zi97aNw0wZOBl,,,,,348,,,,,
"Hardware: Pemko, Smoke Seals, S771C7, Clear",Hardware,Pemko,Smoke Seals,,,S771C7,Clear,Pemko S771 Self-Adhesive Astragal,,,,,,,,,,,rec4ADRaWqLt7RjrE,,,,,357,,,,,
"Hardware: Pemko, Smoke Seals, S88BL17, Black",Hardware,Pemko,Smoke Seals,,,S88BL17,Black,Pemko S88 Adhesive-Backed Fire/Smoke Gasketing 17,,,,,,,,,,,rec6JSN0M6kwIfVgm,,,,,231,,,,,
"Hardware: Pemko, Smoke Seals, S773W17, White",Hardware,Pemko,Smoke Seals,,,S773W17,White,Pemko S773 Adhesive-Backed Fire/Smoke Gasketing 17,,,,,,,,,,,rec6X24LCnVhL1Ow1,,,,,3502,,,,,
"Hardware: Pemko, Smoke Seals, S88BL21, Black",Hardware,Pemko,Smoke Seals,,,S88BL21,Black,Pemko S88 Adhesive-Backed Fire/Smoke Gasketing 21,,,,,,,,,,,rec7yxZGL6yrwCHPu,,,,,233,,,,,
"Hardware: Pemko, Threshold, 271A36, Mill Finish Aluminum",Hardware,Pemko,Threshold,,,271A36,Mill Finish Aluminum,Pemko 271 Saddle Threshold 36,,,,,,,,,,,rec8a4NSGpbVk6dGb,,,,,409,,,,,
"Hardware: Pemko, Pull, 503SF, Stainless Steel",Hardware,Pemko,Pull,,,503SF,Stainless Steel,Pemko 503SF LaFonte Flush Cup Pull,,,,,,,,,,,rec9GnfpiDUBw43Xj,,,,,532,,,,,
"Hardware: Pemko, Door Shoe, 2173DV35.625, Dark Bronze Aluminum",Hardware,Pemko,Door Shoe,,,2173DV35.625,Dark Bronze Aluminum,Pemko 2173 V Door Shoe 35.625,,,,"518,524,530,536,542,548,554,560,566,572,578,584,607",,"""""""Hardware: Pemko, Door Shoe, 2173DV35.625, Dark Bronze Aluminum""""""",15,$98.00,,"""""""Home 2 Suites - Springfield, OH_"""", """"Home 2 Suites - Springfield, OH_"""", """"Home 2 Suites - Springfield, OH_"""", """"Home 2 Suites - Springfield, OH_"""", """"Home 2 Suites - Springfield, OH_""""""",rec9aocx6mZJrzeuN,,,,,377,,,,,
"Hardware: Pemko, Weatherstripping, 303AS7284, Mill Finish Aluminum",Hardware,Pemko,Weatherstripping,,,303AS7284,Mill Finish Aluminum,Pemko 303 S Standard Perimeter Gasketing 72w 84h,,,,,,,,,,,recBHj5hKlVhdOBmy,,,,,416,,,,,
"Hardware: Pemko, Threshold, PEM171, N/A",Hardware,Pemko,Threshold,,,PEM171,N/A,Pemko 171 Threshold,,,,,,,,,,,recCE8qTH63amxpMp,,,,,483,,,,,
"Hardware: Pemko, Door Bottom Sweep, 315CN72, Clear",Hardware,Pemko,Door Bottom Sweep,,,315CN72,Clear,Pemko 315 N Door Bottom Sweep 72,,,,,,,,,,,recD3LCsZUApgxLWN,,,,,342,,,,,
"Hardware: Pemko, Door Bottom, 411ARL36, Mill Finish Aluminum",Hardware,Pemko,Door Bottom,,,411ARL36,Mill Finish Aluminum,Pemko 411 ARL Automatic Door Bottom 36,,,,,,,,,,,recDieIWedAQLNybT,,,,,421,,,,,
"Hardware: Pemko, Door Shoe, 2173AV36UN, Mill Finish Aluminum",Hardware,Pemko,Door Shoe,,,2173AV36UN,Mill Finish Aluminum,Pemko 2173 V UN Door Shoe 36,,,,,,,,,,,recDld6y1uRyp7Rwd,,,,,427,,,,,
"Hardware: Pemko, Weatherstripping, 346C40, Clear",Hardware,Pemko,Weatherstripping,,,346C40,Clear,Pemko 346 Door Top Weatherstrip 40,,,,,,,,,,,recDnd48jBCBPxtl5,,,,,343,,,,,
"Hardware: Pemko, Weatherstripping, 18041CNB84, Clear",Hardware,Pemko,Weatherstripping,,,18041CNB84,Clear,Pemko 18041 NB Split Astragal 84,,,,,,,,,,,recEK9NvgTGu9Vzdi,,,,,352,,,,,
"Hardware: Pemko, Weatherstripping, 305CN84, Clear",Hardware,Pemko,Weatherstripping,,,305CN84,Clear,Pemko 305 N Split Astragal 84,,,,,,,,,,,recELQISmkOHUmVwt,,,,,339,,,,,
"Hardware: Pemko, Door Shoe, 2173DV36UN, Dark Bronze Aluminum",Hardware,Pemko,Door Shoe,,,2173DV36UN,Dark Bronze Aluminum,Pemko 2173 V UN Door Shoe 36,,,,,,,,,,,recESpX1nDb6sYXXg,,,,,380,,,,,
"Hardware: Pemko, Door Bottom Sweep, 57AV36, Mill Finish Aluminum",Hardware,Pemko,Door Bottom Sweep,,,57AV36,Mill Finish Aluminum,Pemko 57 V Door Bottom Sweep 36,,,,,,,,,,,recEbXs6rAMD0bxFJ,,,,,399,,,,,
"Hardware: Pemko, Sliding Hardware, SHS80/8, Steel",Hardware,Pemko,Sliding Hardware,,,SHS80/8,Steel,Pemko SHS80 Hardware Kit 8,,,,,,,,,,,recEjX1PGk3vl8nfV,,,,,535,,,,,
"Hardware: Pemko, Door Bottom, PEM2343, N/A",Hardware,Pemko,Door Bottom,,,PEM2343,N/A,Pemko 2343 Door Bottom,,,,,,,,,,,recFClTMOQRh7sd5a,,,,,494,,,,,
"Hardware: Pemko, Threshold, 171A48, Mill Finish Aluminum",Hardware,Pemko,Threshold,,,171A48,Mill Finish Aluminum,Pemko 171 Saddle Threshold 48,,,,,,,,,,,recFh4D20EwLub7jI,,,,,403,,,,,
"Hardware: Pemko, Smoke Seals, S773D17, Dark Brown",Hardware,Pemko,Smoke Seals,,,S773D17,Dark Brown,Pemko S773 Adhesive-Backed Fire/Smoke Gasketing 17,,,,,,,,,,,recGOKVPsIZbfWsWR,,,,,386,,,,,
"Hardware: Pemko, Weatherstripping, 303APK80, Mill Finish Aluminum",Hardware,Pemko,Weatherstripping,,,303APK80,Mill Finish Aluminum,Pemko 303 PK Split Astragal 80,,,,,,,,,,,recGUVkG0XXu1OlSO,,,,,411,,,,,
"Hardware: Pemko, Weatherstripping, 297DS84, Dark Bronze Aluminum",Hardware,Pemko,Weatherstripping,,,297DS84,Dark Bronze Aluminum,Pemko 297 S Standard Perimeter Gasketing 84,,,,,,,,,,,recGd3e0Lo4Nmbx8k,,,,,376,,,,,
"Hardware: Pemko, Latch, PDLBRKT, N/A",Hardware,Pemko,Latch,,,PDLBRKT,N/A,Pemko PDL Privacy Door Latch Bracket,,,,,,,,,,,recGmm0i8KQE8eEg5,,,,,501,,,,,
"Hardware: Pemko, Smoke Seals, S88W17, White",Hardware,Pemko,Smoke Seals,,,S88W17,White,Pemko S88 Adhesive-Backed Fire/Smoke Gasketing 17,,,,,,,,,,,recGz5uoglGqbs3Po,,,,,3500,,,,,
"Hardware: Pemko, Threshold, PEM2746X6, N/A",Hardware,Pemko,Threshold,,,PEM2746X6,N/A,Pemko 2746x6 Threshold,,,,,,,,,,,recHmeok7G2wqFBj3,,,,,495,,,,,
"Hardware: Pemko, Threshold, PEMCUSTOM THRESH, N/A",Hardware,Pemko,Threshold,,,PEMCUSTOM THRESH,N/A,Pemko Custom Threshold,,,,,,,,,,,recHwGRXZDlf2qGeL,,,,,500,,,,,
"Hardware: Pemko, Door Bottom Sweep, 315CN42, Clear",Hardware,Pemko,Door Bottom Sweep,,,315CN42,Clear,Pemko 315 N Door Bottom Sweep 42,,,,,,,,,,,recI6lD2lFd0Yo1Kx,,,,,341,,,,,
"Hardware: Pemko, Door Shoe, 2173DV35.625UN, Dark Bronze Aluminum",Hardware,Pemko,Door Shoe,,,2173DV35.625UN,Dark Bronze Aluminum,Pemko 2173 V UN Door Shoe 35.625,,,,,,,,,,,recIiOto5UGkFVST9,,,,,379,,,,,
"Hardware: Pemko, Weatherstripping, 303AV3684TK, Mill Finish Aluminum",Hardware,Pemko,Weatherstripping,,,303AV3684TK,Mill Finish Aluminum,Pemko 303 V Standard Perimeter Gasketing 36w 84h with TK,,,,,,,,,,,recJDeGfgZ4PSe5dY,,,,,418,,,,,
"Hardware: Pemko, Latch, PDLAA26D/15, Satin Chrome/Nickel",Hardware,Pemko,Latch,,,PDLAA26D/15,Satin Chrome/Nickel,Pemko PDLAA Hospitality Privacy Door Latch,,,,,,,,,,,recJIZI6UJdXqKVzr,,,,,530,,,,,
"Hardware: Pemko, Weatherstripping, 357SP84, Steel",Hardware,Pemko,Weatherstripping,,,357SP84,Steel,Pemko 357 Overlapping Astragal 84,,,,,,,,,,,recK8KUDgtajl4mEM,,,,,533,,,,,
"Hardware: Pemko, Threshold, EV2322BL-36, Black Vinyl",Hardware,Pemko,Threshold,,,EV2322BL-36,Black Vinyl,Pemko EV2322 Eco-V Threshold 36,,,,,,,,,,,recKXfrx64v1zw7QL,,,,,242,,,,,
"Hardware: Pemko, Weatherstripping, 346C46, Clear",Hardware,Pemko,Weatherstripping,,,346C46,Clear,Pemko 346 Door Top Weatherstrip 46,,,,,,,,,,,recLANg6dAEITYaxP,,,,,345,,,,,
"Hardware: Pemko, Door Bottom, PEM412, N/A",Hardware,Pemko,Door Bottom,,,PEM412,N/A,Pemko 412 Door Bottom,,,,,,,,,,,recLfdai11Yx1gVES,,,,,491,,,,,
"Hardware: Pemko, Smoke Seals, S773D20, Dark Brown",Hardware,Pemko,Smoke Seals,,,S773D20,Dark Brown,Pemko S773 Adhesive-Backed Fire/Smoke Gasketing 20,,,,,,,,,,,recLtim1aZO6WOUqs,,,,,387,,,,,
"Hardware: Pemko, Smoke Seals, S88BL25, Black",Hardware,Pemko,Smoke Seals,,,S88BL25,Black,Pemko S88 Adhesive-Backed Fire/Smoke Gasketing 25,,,,,,,,,,,recN7cU4Wf0CkgNxd,,,,,234,,,,,
"Hardware: Pemko, Door Bottom, PEM411, N/A",Hardware,Pemko,Door Bottom,,,PEM411,N/A,Pemko 411 Door Bottom,,,,,,,,,,,recNeLRYl1wYGu8oM,,,,,490,,,,,
"Hardware: Pemko, Sliding Hardware, PEMBLD-DBN, N/A",Hardware,Pemko,Sliding Hardware,,,PEMBLD-DBN,N/A,Pemko BLD-DBN Sliding Door Hardware,,,,,,,,,,,recNfIodgfQO1tjIG,,,,,499,,,,,
"Hardware: Pemko, Smoke Seals, S88GR25, Gray",Hardware,Pemko,Smoke Seals,,,S88GR25,Gray,Pemko S88 Adhesive-Backed Fire/Smoke Gasketing 25,,,,,,,,,,,recO9GwfeG58r9e9N,,,,,397,,,,,
"Hardware: Pemko, Threshold, 172A72, Mill Finish Aluminum",Hardware,Pemko,Threshold,,,172A72,Mill Finish Aluminum,Pemko 172 Saddle Threshold 72,,,,,,,,,,,recOAKTFAPmpYd4a8,,,,,405,,,,,
"Hardware: Pemko, Door Shoe, 2173AV35.625UN, Mill Finish Aluminum",Hardware,Pemko,Door Shoe,,,2173AV35.625UN,Mill Finish Aluminum,Pemko 2173 V UN Door Shoe 35.625,,,,,,,,,,,recOF3ZBRswzyC7PQ,,,,,426,,,,,
"Hardware: Pemko, Weatherstripping, 303AV3684, Mill Finish Aluminum",Hardware,Pemko,Weatherstripping,,,303AV3684,Mill Finish Aluminum,Pemko 303 V Standard Perimeter Gasketing 36w 84h,,,,,,,,,,,recOrCsdr8mNCjsTM,,,,,417,,,,,
"Hardware: Pemko, Weatherstripping, 90062CNB36, Clear",Hardware,Pemko,Weatherstripping,,,90062CNB36,Clear,Pemko 90062 NB Door Bottom Sweep 36,,,,,,,,,,,recP6llES71EZLynY,,,,,353,,,,,
"Hardware: Pemko, Smoke Seals, S88W20, White",Hardware,Pemko,Smoke Seals,,,S88W20,White,Pemko S88 Adhesive-Backed Fire/Smoke Gasketing 20,,,,,,,,,,,recPAagGyFLW2Ci8N,,,,,3501,,,,,
"Hardware: Pemko, Threshold, EV2321BL-36, Black Vinyl",Hardware,Pemko,Threshold,,,EV2321BL-36,Black Vinyl,Pemko EV2321 Eco-V Threshold 36,,,,,,,,,,,recPas2BoefjieuYb,,,,,241,,,,,
"Hardware: Pemko, Threshold, 2565A36, Mill Finish Aluminum",Hardware,Pemko,Threshold,,,2565A36,Mill Finish Aluminum,Pemko 2565 Saddle Threshold 36,,,,,,,,,,,recPmlmvQ3an8Yo4S,,,,,428,,,,,
"Hardware: Pemko, Frame Kit, PF28200A6080, N/A",Hardware,Pemko,Frame Kit,,,PF28200A6080,N/A,Pemko PF28200 Frame Kit,,,,,,,,,,,recQYfZwolQBL0JV9,,,,,505,,,,,
"Hardware: Pemko, Door Bottom, 411APKL35.75, Mill Finish Aluminum",Hardware,Pemko,Door Bottom,,,411APKL35.75,Mill Finish Aluminum,Pemko 411 PKL Automatic Door Bottom 35.75,,,,,,,,,,,recQr0lTo3R7FgFNM,,,,,422,,,,,
"Hardware: Pemko, Threshold, EV232BL-36, Black Vinyl",Hardware,Pemko,Threshold,,,EV232BL-36,Black Vinyl,Pemko EV232 Eco-V Threshold 36,,,,,,,,,,,recQvy2HLZnRvPaVM,,,,,240,,,,,
"Hardware: Pemko, Door Bottom, PEMSTC411, N/A",Hardware,Pemko,Door Bottom,,,PEMSTC411,N/A,Pemko STC411 Door Bottom,,,,,,,,,,,recR25vWTn19jZjkO,,,,,508,,,,,
"Hardware: Pemko, Threshold, 171A36WS/PA, Mill Finish Aluminum",Hardware,Pemko,Threshold,,,171A36WS/PA,Mill Finish Aluminum,Pemko 171 Saddle Threshold 36 with Weatherstripping,,,,,,,,,,,recRIJr77scRjniA9,,,,,401,,,,,
"Hardware: Pemko, Weatherstripping, 303AS3684, Mill Finish Aluminum",Hardware,Pemko,Weatherstripping,,,303AS3684,Mill Finish Aluminum,Pemko 303 S Standard Perimeter Gasketing 36w 84h,,,,,,,,,,,recRZhLdHGGF9ijtH,,,,,415,,,,,
"Hardware: Pemko, Smoke Seals, S88C17, Clear",Hardware,Pemko,Smoke Seals,,,S88C17,Clear,Pemko S88 Adhesive-Backed Fire/Smoke Gasketing 17,,,,,,,,,,,recRZwHejRLTUslHX,,,,,356,,,,,
"Hardware: Pemko, Smoke Seals, S88D510, Dark Brown",Hardware,Pemko,Smoke Seals,,,S88D510,Dark Brown,Pemko S88 Adhesive-Backed Fire/Smoke Gasketing 510,,,,,,,,,,,recRdCkgVro3f9L9n,,,,,385,,,,,
"Hardware: Pemko, Threshold, 2001AT36, Mill Finish Aluminum",Hardware,Pemko,Threshold,,,2001AT36,Mill Finish Aluminum,Pemko 2001 T Latching Panic Saddle Threshold 36,,,,,,,,,,,recSdYmtj8wMl1baA,,,,,424,,,,,
"Hardware: Pemko, Weatherstripping, 346C76, Clear",Hardware,Pemko,Weatherstripping,,,346C76,Clear,Pemko 346 Door Top Weatherstrip 76,,,,,,,,,,,recTkSMzGOCmdHXZ5,,,,,347,,,,,
"Hardware: Pemko, Weatherstripping, PEM303, N/A",Hardware,Pemko,Weatherstripping,,,PEM303,N/A,Pemko 303 Weatherstripping,,,,,,,,,,,recU1uxBf5RFRBKhI,,,,,485,,,,,
"Hardware: Pemko, Threshold, ADJ232V14-36BL, Black Vinyl",Hardware,Pemko,Threshold,,,ADJ232V14-36BL,Black Vinyl,Pemko ADJ232V14 Eco-V Threshold 36,,,,,,,,,,,recUgw1EZtbikYlvN,,,,,237,,,,,
"Hardware: Pemko, Frame Kit, PFBG-4, N/A",Hardware,Pemko,Frame Kit,,,PFBG-4,N/A,Pemko PFBG-4 Frame Kit,,,,,,,,,,,recW2Ys9EO5j9Uup6,,,,,506,,,,,
"Hardware: Pemko, Door Bottom, PEM4131, N/A",Hardware,Pemko,Door Bottom,,,PEM4131,N/A,Pemko 4131 Door Bottom,,,,,,,,,,,recXDpR8HvI5zRq9l,,,,,496,,,,,
"Hardware: Pemko, Screw Pack, M91-0032-630, N/A",Hardware,Pemko,Screw Pack,,,M91-0032-630,N/A,Pemko Screw Pack,,,,,,,,,,,recXyY9miGZw8nqgY,,,,,507,,,,,
"Hardware: Pemko, Smoke Seals, S773GR17, Gray",Hardware,Pemko,Smoke Seals,,,S773GR17,Gray,Pemko S773 Adhesive-Backed Fire/Smoke Gasketing 17,,,,,,,,,,,recY4dhNtwHgeEWUr,,,,,398,,,,,
"Hardware: Pemko, Threshold, ADJ2325V14-36BL, Black Vinyl",Hardware,Pemko,Threshold,,,ADJ2325V14-36BL,Black Vinyl,Pemko ADJ2325V14 Eco-V Threshold 36,,,,,,,,,,,recYfq5WqNrm2LWmg,,,,,239,,,,,
"Hardware: Pemko, Threshold, ADJ2325V8-36BL, Black Vinyl",Hardware,Pemko,Threshold,,,ADJ2325V8-36BL,Black Vinyl,Pemko ADJ2325V8 Eco-V Threshold 36,,,,,,,,,,,recYl97DQgH8lbkQT,,,,,238,,,,,
"Hardware: Pemko, Threshold, 176A36, Mill Finish Aluminum",Hardware,Pemko,Threshold,,,176A36,Mill Finish Aluminum,Pemko 176 Saddle Threshold 36,,,,,,,,,,,recZ0G5kc4UfRiEqX,,,,,406,,,,,
"Hardware: Pemko, Sliding Hardware, PF134KIT, N/A",Hardware,Pemko,Sliding Hardware,,,PF134KIT,N/A,Pemko PF134 Sliding Door Hardware Kit,,,,,,,,,,,recZ3o5UUJCOKmtyD,,,,,504,,,,,
"Hardware: Pemko, Threshold, PEM347, N/A",Hardware,Pemko,Threshold,,,PEM347,N/A,Pemko 347 Threshold,,,,,,,,,,,recZyz4APmLIB57BL,,,,,488,,,,,
"Hardware: Pemko, Weatherstripping, PEM354, N/A",Hardware,Pemko,Weatherstripping,,,PEM354,N/A,Pemko 354 Weatherstripping,,,,,,,,,,,recaBMJZ4B6igKNDG,,,,,489,,,,,
"Hardware: Pemko, Weatherstripping, 303AV7284, Mill Finish Aluminum",Hardware,Pemko,Weatherstripping,,,303AV7284,Mill Finish Aluminum,Pemko 303 V Standard Perimeter Gasketing 72w 84h,,,,,,,,,,,recaYCCZn1JU3iyT1,,,,,420,,,,,
"Hardware: Pemko, Smoke Seals, S88D20, Dark Brown",Hardware,Pemko,Smoke Seals,,,S88D20,Dark Brown,Pemko S88 Adhesive-Backed Fire/Smoke Gasketing 20,,,,,,,,,,,recbZRKZYbKiIv9Wd,,,,,384,,,,,
"Hardware: Pemko, Door Bottom, 420APKL36, Mill Finish Aluminum",Hardware,Pemko,Door Bottom,,,420APKL36,Mill Finish Aluminum,Pemko 420 PKL Automatic Door Bottom 36,,,,,,,,,,,reccIDGWoJVnH7phw,,,,,423,,,,,
"Hardware: Pemko, Sliding Hardware, SHS80/6, Steel",Hardware,Pemko,Sliding Hardware,,,SHS80/6,Steel,Pemko SHS80 Hardware Kit 6,,,,,,,,,,,recdFN0s0wKQcwhkA,,,,,534,,,,,
"Hardware: Pemko, Hinges, CFM83HD1, Clear",Hardware,Pemko,Hinges,,,CFM83HD1,Clear,Pemko FM HD Full Mortise Hinge,,,,,,,,,,,recdlG9lPErLCg06S,,,,,354,,,,,
"Hardware: Pemko, Smoke Seals, PEM2173, N/A",Hardware,Pemko,Smoke Seals,,,PEM2173,N/A,Pemko 2173 Smoke Seal,,,,,,,,,,,recehGWtw59h1pRvn,,,,,493,,,,,
"Hardware: Pemko, Door Bottom Sweep, PEM315, N/A",Hardware,Pemko,Door Bottom Sweep,,,PEM315,N/A,Pemko 315 Door Bottom Sweep,,,,,,,,,,,recexJuUelSjCLrNy,,,,,486,,,,,
"Hardware: Pemko, Threshold, PEM151, N/A",Hardware,Pemko,Threshold,,,PEM151,N/A,Pemko 151 Threshold,,,,,,,,,,,recfLUVUfBgK6GDST,,,,,482,,,,,
"Hardware: Pemko, Smoke Seals, S88BL20, Black",Hardware,Pemko,Smoke Seals,,,S88BL20,Black,Pemko S88 Adhesive-Backed Fire/Smoke Gasketing 20,,,,,,,,,,,recgEC0aTKj7DIqm0,,,,,232,,,,,
"Hardware: Pemko, Door Bottom Sweep, 315CN36, Clear",Hardware,Pemko,Door Bottom Sweep,,,315CN36,Clear,Pemko 315 N Door Bottom Sweep 36,,,,,,,,,,,recgadBHRzsHQalni,,,,,340,,,,,
"Hardware: Pemko, Door Shoe, 216AV36, Mill Finish Aluminum",Hardware,Pemko,Door Shoe,,,216AV36,Mill Finish Aluminum,Pemko 216 V Door Shoe 36,,,,,,,,,,,rechMYETKj8KzJM6Z,,,,,408,,,,,
"Hardware: Pemko, Door Bottom, 412CRL36, Clear",Hardware,Pemko,Door Bottom,,,412CRL36,Clear,Pemko 412 RL Automatic Door Bottom 36,,,,,,,,,,,rechjp8h68Hp5bsGv,,,,,349,,,,,
"Hardware: Pemko, Threshold, EV2325BL-36, Black Vinyl",Hardware,Pemko,Threshold,,,EV2325BL-36,Black Vinyl,Pemko EV2325 Eco-V Threshold 36,,,,,,,,,,,rechvO3kTTbX6Mlpa,,,,,243,,,,,
"Hardware: Pemko, Door Shoe, 2173AV35.625, Mill Finish Aluminum",Hardware,Pemko,Door Shoe,,,2173AV35.625,Mill Finish Aluminum,Pemko 2173 V Door Shoe 35.625,,,,,,,,,,,reci4aMnGQMPxEeC9,,,,,425,,,,,
"Hardware: Pemko, Smoke Seals, S88D17, Dark Brown",Hardware,Pemko,Smoke Seals,,,S88D17,Dark Brown,Pemko S88 Adhesive-Backed Fire/Smoke Gasketing 17,,,,,,,,,,,recjGoWBsx4wrAczs,,,,,382,,,,,
"Hardware: Pemko, Threshold, 171A42, Mill Finish Aluminum",Hardware,Pemko,Threshold,,,171A42,Mill Finish Aluminum,Pemko 171 Saddle Threshold 42,,,,,,,,,,,reckrJYFVQ8pXET2F,,,,,402,,,,,
"Hardware: Pemko, Locks, PEM5025, N/A",Hardware,Pemko,Locks,,,PEM5025,N/A,Pemko 5025 Locks,,,,,,,,,,,recmrbqhStza1Jsnr,,,,,497,,,,,
"Hardware: Pemko, Smoke Seals, S88GR17, Gray",Hardware,Pemko,Smoke Seals,,,S88GR17,Gray,Pemko S88 Adhesive-Backed Fire/Smoke Gasketing 17,,,,,,,,,,,recmwppl50k8JuwjL,,,,,395,,,,,
"Hardware: Pemko, Weatherstripping, 303AV4884, Mill Finish Aluminum",Hardware,Pemko,Weatherstripping,,,303AV4884,Mill Finish Aluminum,Pemko 303 V Standard Perimeter Gasketing 48w 84h,,,,,,,,,,,recny16PhFNEhCFWI,,,,,419,,,,,
"Hardware: Pemko, Weatherstripping, 303APK3684, Mill Finish Aluminum",Hardware,Pemko,Weatherstripping,,,303APK3684,Mill Finish Aluminum,Pemko 303 PK Standard Perimeter Gasketing 36w 84h,,,,,,,,,,,recoC18pFzAmJ5oz8,,,,,413,,,,,
"Hardware: Pemko, Door Shoe, 2173DV36, Dark Bronze Aluminum",Hardware,Pemko,Door Shoe,,,2173DV36,Dark Bronze Aluminum,Pemko 2173 V Door Shoe 36,,,,,,,,,,,recoJ5t2fnn0FU1Ci,,,,,378,,,,,
"Hardware: Pemko, Smoke Seals, S88GR20, Gray",Hardware,Pemko,Smoke Seals,,,S88GR20,Gray,Pemko S88 Adhesive-Backed Fire/Smoke Gasketing 20,,,,,,,,,,,recp37h79JPPbDqGx,,,,,396,,,,,
"Hardware: Pemko, Door Bottom Sweep, 90062DNB36, Dark Bronze",Hardware,Pemko,Door Bottom Sweep,,,90062DNB36,Dark Bronze,Pemko 90062 NB Door Bottom Sweep 36,,,,,,,,,,,recpuZNwHuYAiVMdr,,,,,375,,,,,
"Hardware: Pemko, Door Bottom, 4131CPKL36, Clear",Hardware,Pemko,Door Bottom,,,4131CPKL36,Clear,Pemko 4131 PKL Automatic Door Bottom 36,,,,,,,,,,,recqhZCVjkLWd7zJR,,,,,351,,,,,
"Hardware: Pemko, Door Bottom, 430CPKL36, Clear",Hardware,Pemko,Door Bottom,,,430CPKL36,Clear,Pemko 430 PKL Automatic Door Bottom 36,,,,,,,,,,,recrFF4MZoY2mU9e3,,,,,350,,,,,
"Hardware: Pemko, Smoke Seals, S773BL17, Black",Hardware,Pemko,Smoke Seals,,,S773BL17,Black,Pemko S773 Adhesive-Backed Fire/Smoke Gasketing 17,,,,"416,426",,"""""""Hardware: Pemko, Smoke Seals, S773BL17, Black""""""",,,,Home 2 Suites & Tru by Hilton_VA 24201,recrZQD7VtN4LPdty,,,,,235,,,,,
"Hardware: Pemko, Smoke Seals, S88D18, Dark Brown",Hardware,Pemko,Smoke Seals,,,S88D18,Dark Brown,Pemko S88 Adhesive-Backed Fire/Smoke Gasketing 18,,,,,,,,,,,recsuQkEjFpWlT5fF,,,,,383,,,,,
"Hardware: Pemko, Door Bottom Sweep, PEM2170, N/A",Hardware,Pemko,Door Bottom Sweep,,,PEM2170,N/A,Pemko 2170 Door Bottom Sweep,,,,,,,,,,,recuk4kksC0OdDGjx,,,,,492,,,,,
"Hardware: Pemko, Stop, 184AT36, Mill Finish Aluminum",Hardware,Pemko,Stop,,,184AT36,Mill Finish Aluminum,Pemko 184 T Threshold Stop Strip 36,,,,,,,,,,,recvHVO6OZAWfY86H,,,,,407,,,,,
"Hardware: Pemko, Latch, PDL-D2, N/A",Hardware,Pemko,Latch,,,PDL-D2,N/A,Pemko PDL-D2 Decals,,,,,,,,,,,recvbP4pscADuzXPx,,,,,503,,,,,
"Hardware: Pemko, Weatherstripping, 303APK7284, Mill Finish Aluminum",Hardware,Pemko,Weatherstripping,,,303APK7284,Mill Finish Aluminum,Pemko 303 PK Standard Perimeter Gasketing 72w 84h,,,,,,,,,,,recvgTVbN0K1QgXmF,,,,,414,,,,,
"Hardware: Pemko, Latch, PDL-D1, N/A",Hardware,Pemko,Latch,,,PDL-D1,N/A,Pemko PDL-D1 Privacy Door Latch,,,,,,,,,,,recwgJj5A8U1Ttc9v,,,,,502,,,,,
"Hardware: Pemko, Weatherstripping, 303APK84, Mill Finish Aluminum",Hardware,Pemko,Weatherstripping,,,303APK84,Mill Finish Aluminum,Pemko 303 PK Split Astragal 84,,,,,,,,,,,recxbetiFqE1EyDqC,,,,,412,,,,,
"Hardware: Pemko, Door Bottom Sweep, PEM345, N/A",Hardware,Pemko,Door Bottom Sweep,,,PEM345,N/A,Pemko 345 Door Bottom Sweep,,,,,,,,,,,recyPUTLlUYVZ1oAi,,,,,487,,,,,
"Hardware: Pemko, Threshold, PEM176, N/A",Hardware,Pemko,Threshold,,,PEM176,N/A,Pemko 176 Threshold,,,,,,,,,,,recyQHSyMacSTNlO0,,,,,484,,,,,
"Hardware: Pemko, Threshold, ADJ232V8-36BL, Black Vinyl",Hardware,Pemko,Threshold,,,ADJ232V8-36BL,Black Vinyl,Pemko ADJ232V8 Eco-V Threshold 36,,,,,,,,,,,recz1FWuZ18A8p8Zp,,,,,236,,,,,
"Hardware: Rockwood, Viewer, 627",Hardware,Rockwood,Viewer,,,627,,,,,$7.00,"418,428",,"""""""Hardware: Rockwood, Viewer, 627"""""",""""""Hardware: Rockwood, Viewer, 627"""""",""""""Hardware: Rockwood, Viewer, 627""""""",,,,Home 2 Suites & Tru by Hilton_VA 24201,rec8QiJmVQ3f1xNwQ,,,,,5,,70,,,
"Hardware: Pemko, Door Guard, PDLAA",Hardware,Pemko,Door Guard,,,PDLAA,,,,,$17.00,,,"""""""Hardware: Pemko, Door Guard, PDLAA""""""",,,,,recp9Y2E1hjV6nqGX,,rec45cf9pbggeA97A,,,1,,68,HingeSprgLd_HG58SLYZ.webp (https://v5.airtableusercontent.com/v3/u/46/46/1761710400000/f6GDDAKa2ZBk17kg4JiaHw/ja9ELfPrYfPZ9ajcPC7KzGf6qZAVDhZ49fYebItTMkJDFy8rCl4py3O0cOxDUQ69Dj_OsXxoH7W0vV7Ts5wMnbXIw5TbuFk_h-yjrU6vEmG_Qnf_RoUDJaibog_eUsIMFq7QVapds3LR-lKbJfq0RMMeLuRq5usClgPQLOIMmj0/1jIl66_3IYHPu_xe2oHJJKaKfjmrhf8MiX7lSNrJFFo),,
"Hardware: Pemko, Smoke Seals, S773",Hardware,Pemko,Smoke Seals,,,S773,,,,,$19.00,,,"""""""Hardware: Pemko, Smoke Seals, S773"""""",""""""Hardware: Pemko, Smoke Seals, S773""""""",,,,,rec5hKtdY0qec2rW0,,rec45cf9pbggeA97A,,,2,,69,,,
"Hardware: Pemko, Door Bottom, 2173DV",Hardware,Pemko,Door Bottom,,,2173DV,,,,,$24.00,"419,429",,"""""""Hardware: Pemko, Door Bottom, 2173DV""""""",,,,Home 2 Suites & Tru by Hilton_VA 24201,rec6QnE4tOoQww0P9,,rec45cf9pbggeA97A,,,3,,,,,
"Hardware: Pemko, Threshold, EV2325",Hardware,Pemko,Threshold,,,EV2325,,,,,$25.00,"413,423",,"""""""Hardware: Pemko, Threshold, EV2325"""""",""""""Hardware: Pemko, Threshold, EV2325""""""",,,,Home 2 Suites & Tru by Hilton_VA 24201,recKeD9wb1p8N26SA,,,,,4,,71,,,