Project Name,Project,Customer,City State,Address,Default Markup,Total Price,Notes,Status,Project Type ,Quote Line Items,Openings,Quote Line Items (from Openings),Components,Hardware Sets,Price Overrides,Markup Settings,Component Summary,Component Summary 2,P_Record_ID,Quote ID,Quote PDF,No. of Days (Valid),Today Plus # Days,Project URL,CSV Upload,Upload Status,Show/Hide,Staging,Staging 2,Select,Revision ,Sales Rep,Prepared By,File Uploads,Doors Staging,Doors Staging copy,Hardware Components (from Openings),Field Mapping,Group Output,Area (from Group Output),Hardware Sets copy,Duplicate To Customer,Copy Status,Copied From Project,From field: Copied From Project,Last Modified
Homewood Suites_Celebration FL,Homewood Suites,Cleveland Construction,Celebration FL,123 street ,35%,$0.00,,Draft,,"12,13,14,4","ID_INVALID,ID_H_SHIPPING ,ID_H_45,ID_H_123,ID_H_001A",,,,1,"""Homewood Suites_Celebration FL, Homewood Suites_Celebration FL_Door_30%""",,,recMb9qhCJdS1684x,HO050725C07,test .pdf (https://v5.airtableusercontent.com/v3/u/46/46/1761710400000/zFBsYi_mEIoZRQesvcF2yw/elcYRlEkLueXF7s9oLIsXZMIT1WQTmS722illGf5tXCzOtr57OR4IiSGMrwHm6lXlw6if4CmzDZ-EZFOiM8m8mkEZslcLxHj7ADitcpuYTUUI1V6hXaFR81L1xxW4PsE5huhYYN59zTGNCL6Lz4K3Q/TNzQlyt3S4pYsJtIFtRB_tEM0yZfTEdRGnJbYMDjaKM),60,12/28/2025,https://airtable.com/appIBydxpXuSdssZW/pag51K34I43p0rTlc/recMb9qhCJdS1684x,,,,"Unnamed record,A101,Unnamed record",Unnamed record,Generated,Rev 1,David Feferkorn,Automations,"""Homewood Suites_Celebration FL, Homewood Suites_Celebration FL 2025-07-01 00:24""","2015,2016,2017,2018,2019,2020,2021,2022,2023,2024,2025,2026,2027,2028,2029,2030,2031,2032,2033,2034,2035,2036,2037,2038,2039,2040,2041,2042,2043,2044,2045,2046,2047,2048,2049,2050,2051,2052,2053,2054,2055,2056",14,"""Door: Solid Core Wood, Plastic Laminate "",""Frame: Hollow Metal, Cased Welded, (16 Gauge)"",""Door: Solid Core Wood, Plastic Laminate """,,1,,,Edgeworks,Copy Complete,,Homewood Suites_Celebration FL,8/5/2025 12:58pm
Hyatt House_Brooklyn NY,Hyatt House,Edgeworks,Brooklyn NY,,35%,$0.00,,,,"2,3",,,,,,Hyatt House_Brooklyn NY_Frame_25%,,,recYDc9IE0EhyrsAj,HO050725E07,,,10/29/2025,https://airtable.com/appIBydxpXuSdssZW/pag51K34I43p0rTlc/recYDc9IE0EhyrsAj,,,,,A101,,,,Integration Gig,,,,"""Door: Solid Core Wood, Plastic Laminate "",""Door: Solid Core Wood, Plastic Laminate """,,,,,,,,,7/4/2025 12:04pm
"Orlando Near_Montreal, QB",Orlando Near,Eitzah,"Montreal, QB",,35%,$0.00,,Draft,,"87,88,89,1","ID_O_107A,ID_O_L654,ID_INVALID",,,,,,,,recdRCMnQodxVqTOG,HO050725E07,,,10/29/2025,https://airtable.com/appIBydxpXuSdssZW/pag51K34I43p0rTlc/recdRCMnQodxVqTOG,,,Show,,,,,,Integration Gig,,,,"""Door: Solid Core Wood, Plastic Laminate "",""Frame: Hollow Metal, Cased Welded, (16 Gauge)"",""Door: Solid Core Wood, Plastic Laminate """,,,,,,,,,7/4/2025 12:04pm
"Tru_Israel, IL",Tru,Herman,"Israel, IL",804 Bedford,35%,$0.00,this is a test ,,,"82,83,84,85,90,91,92,93,94,95,96,97,98,99,100,101,102,103,104,105,106,107,108,109","ID_T_109B,ID_T_190C,ID_T_200T,ID_T_101,ID_T_102,ID_T_106,ID_T_107",,,"""""""Tru_Israel, IL"""" - 22"",""""""Tru_Israel, IL"""" - 1"",""""""Tru_Israel, IL"""" - 2"",""""""Tru_Israel, IL"""" - 3"",""""""Tru_Israel, IL"""" - 4"",""""""Tru_Israel, IL"""" - 5"",""""""Tru_Israel, IL"""" - 6"",""""""Tru_Israel, IL"""" - 7"",""""""Tru_Israel, IL"""" - 8"",""""""Tru_Israel, IL"""" - 9"",""""""Tru_Israel, IL"""" - 10"",""""""Tru_Israel, IL"""" - 11"",""""""Tru_Israel, IL"""" - 12"",""""""Tru_Israel, IL"""" - 13"",""""""Tru_Israel, IL"""" - 14"",""""""Tru_Israel, IL"""" - 15"",""""""Tru_Israel, IL"""" - GR1"",""""""Tru_Israel, IL"""" - GR2"",""""""Tru_Israel, IL"""" - GR3"",""""""Tru_Israel, IL"""" - gr1"",""""""Tru_Israel, IL"""" - gr2"",""""""Tru_Israel, IL"""" - gr3""",,,,,reckPw7zVSLLve5Yn,HO050725H07,,,10/29/2025,https://airtable.com/appIBydxpXuSdssZW/pag51K34I43p0rTlc/reckPw7zVSLLve5Yn,,,,,,,,,Maxim,"""Tru_Israel, IL 2025-06-30 17:00"",""Tru_Israel, IL 2025-06-30 20:42"",""Tru_Israel, IL 2025-07-01 19:19"",""Tru_Israel, IL 2025-07-10 16:38""","2654,2655,2656,2657,2658,2659,2660,2661,2662,2663,2664,2665,2666,2667,2668,2669,2670,2671,2672,2673,2674,2675,2676,2677,2678,2679,2680,2681,2682,2683,2684,2685,2686,2687,2688,2689,2690,2691,2692,2693,2694,2695,2696,2697,2698,2699,2700,2701,2702,2703,2704,2705,2706,2707,2708,2709,2710,2711,2712,2713,2714,2715,2716,2717,2718,2719,2720,2721,2722,2723,2724,2725,2726,2727,2728,2729,2730,2731,2732,2733,2734,2735,2736,2737,2738,2739,2740,2741,2742,2743,2744,2745,2746,2747,2748,2749,2750,2751,2752,2753,2754,2755,2756,2757,2758,2759,2760,2761,2762,2763,2764,2765,2766,2767,2768,2769,2770,2771,2772,2773,2774,2775,2776,2777,2778,2779,2780,2781,2782,2783,2784,2785,2786,2787,2788,2789,2790,2791,2792,2793,2794,2795,2796,2797,2798,2799,2800,2801,2802,2803,2804,2805,2806,2807,2808,2809,2810,2811,2812,2813,2814,2815,2816,2817,2818,2819,2820,2821,2822,2823,2824,2825,2826,2827,2828,2829,2830,2831,2832,2833,2834,2835,2836,2837,2838,2839,2840,2841,2842,2843,2844,2845,2846,2847,2848,2849,2850,2851,2852,2853,2854,2855,2856,2857,2858,2859,2860,2861,2862,2863,2864,2865,2866,2867,2868,2869,2870,2871,2872,2873,2874,2875,2876,2877,2878,2879,2880,2881,2882,2883,2884,2885,2886,2887,2888,2889,2890,2891,2892,2893,2894,2895,2896,2897,2898,2899,2900,2901,2902,2903,2904,2905,2906,2907,2908,2909,2910,2911,2912,2913,2914,2915,2916,2917,2918,2919,2920,2921,2922,2923,2924,2925,2926,2927,2928,2929,2930,2931,2932,2933,2934,2935,2936,2937,2938,2939,5060,5061,5062,5063,5064,5065,5066,5067,5068,5069,5070,5071,5072,5073,5074,5075,5076,5077,5078,5079,5080,5081,5082,5083,5084,5085,5086,5087,5088,5089,5090,5091,5092,5093,5094,5095,5096,5097,5098,5099,5100,5101,5102,5103,5104,5105,5106,5107,5108,5109,5110,5111,5112,5113,5114,5115,5116,5117,5118,5119,5120,5121,5122,5123,5124,5125,5126,5127,5128,5129,5130,5131,5132,5133,5134,5135,5136,5137,5138,5139,5140,5141,5142,5143,5144,5145,5146,5147,5148,5149,5150,5151,5152,5153,5154,5155,5156,5157,5158,5159,5160,5161,5162,5163,5164,5165,5166,5167,5168,5169,5170,5171,5172,5173,5174,5175,5176,5177,5178,5179,5180,5181,5182,5183,5184,5185,5186,5187,5188,5189,5190,5191,5192,5193,5194,5195,5196,5197,5198,5199,5200,5201,5202,5203,5204,5205,5206,5207,5208,5209,5210,5211,5212,5213,5214,5215,5216,5217,5218,5219,5220,5221,5222,5223,5224,5225,5226,5227,5228,5229,5230,5231,5232,5233,5234,5235,5236,5237,5238,5239,5240,5241,5242,5243,5244,5245,5246,5247,5248,5249,5250,5251,5252,5253,5254,5255,5256,5257,5258,5259,5260,5261,5262,5263,5264,5265,5266,5267,5268,5269,5270,5271,5272,5273,5274,5275,5276,5277,5278,5279,5280,5281,5282,5283,5284,5285,5286,5287,5288,5289,5290,5291,5292,5293,5294,5295,5296,5297,5298,5299,5300,5301,5302,5303,5304,5305,5306,5307,5308,5309,5310,5311,5312,5313,5314,5315,5316,5317,5318,5319,5320,5321,5322,5323,5324,5325,5326,5327,5328,5329,5330,5331,5332,5333,5334,5335,5336,5337,5338,5339,5340,5341,5342,5343,5344,5345,5346,5347,5348,5349,5350,5351,5352,5353,5354,5355,5356,5357,5358,5359,5360,5361,5362,5363,5364,5365,5366,5367,5368,5369,5370",,"""Door: Solid Core Wood, Pre-Painted"",""Frame: Hollow Metal, Cased Welded, (18 Gauge)"",""Door: Solid Core Wood, Pre-Painted"",""Frame: Hollow Metal, Cased Welded, (18 Gauge)"",""Door: Solid Core Wood, Pre-Painted"",""Frame: Hollow Metal, Cased Welded, (18 Gauge)"",""Door: Solid Core Wood, Pre-Painted"",""Frame: Hollow Metal, Cased Welded, (18 Gauge)""",,,,,,,,,7/16/2025 8:29am
"Extended Stay of America_Williamsburg, NJ",Extended Stay of America,Herman,"Williamsburg, NJ",rosny ,35%,$0.00,,,,"17,18,19,25,27,29,31,32",ID_E_109A,,,,,,,,rec0NDFYaqTduk7Li,HO050725H07,,,10/29/2025,https://airtable.com/appIBydxpXuSdssZW/pag51K34I43p0rTlc/rec0NDFYaqTduk7Li,,,,,,,,,Integration Gig,,,,"""Frame: Hollow Metal, Cased Welded, (16 Gauge)"",""Door: Solid Core Wood, Plastic Laminate "",""Door: Solid Core Wood, Plastic Laminate "",""Door: Solid Core Wood, Plastic Laminate "",""Door: Solid Core Wood, Plastic Laminate "",""Door: Solid Core Wood, Plastic Laminate "",""Door: Solid Core Wood, Plastic Laminate "",""Frame: Hollow Metal, Cased Welded, (16 Gauge)""",,,,,,,,,7/4/2025 12:04pm
"Tru by Hilton _Monroe, PA",Tru by Hilton ,Edgeworks,"Monroe, PA",,15%,$0.00,,,,"15,47,48,49,50,51,52,53,54,55,56,57,58,59,60,61,62,63,64,595,596,597,598,599,600","ID_T_109D,ID_T_113A,ID_T_114A,ID_T_115A","596,597,599,600,595,598",,"""""""Tru by Hilton _Monroe, PA"""" - 23"",""""""Tru by Hilton _Monroe, PA"""" - 24""",,,,"""""""Tru by Hilton _Monroe, PA"""""",""""""Tru by Hilton _Monroe, PA""""""",reczvQg8nCHRuf6ff,HO050725E09,,,10/29/2025,https://airtable.com/appIBydxpXuSdssZW/pag51K34I43p0rTlc/reczvQg8nCHRuf6ff,,,,,,,,,Automations,"""Tru by Hilton _Monroe, PA 2025-06-30 23:14""","2998,2999,3000,3001,3002,3003,3004,3005,3006,3007,3008,3009,3010,3011,3012,3013,3014,3015,3016,3017,3018,3019,3020,3021,3022,3023,3024,3025,3026,3027,3028,3029,3030,3031,3032,3033,3034,3035,3036,3037,3038,3039,3040,3041,3042,3043,3044,3045,3046,3047,3048,3049,3050,3051,3052,3053,3054,3055,3056,3057,3058,3059,3060,3061,3062,3063,3064,3065,3066,3067,3068,3069,3070,3071,3072,3073,3074,3075,3076,3077,3078,3079,3080,3081,3082,3083,3084,3085,3086,3087,3088,3089,3090,3091,3092,3093,3094,3095,3096,3097,3098,3099,3100,3101,3102,3103,3104,3105,3106,3107,3108,3109,3110,3111,3112,3113,3114,3115,3116,3117,3118,3119,3120,3121,3122,3123,3124,3125,3126,3127,3128,3129,3130,3131,3132,3133,3134,3135,3136,3137,3138,3139,3140,3141,3142,3143,3144,3145,3146,3147,3148,3149,3150,3151,3152,3153,3154,3155,3156,3157,3158,3159,3160,3161,3162,3163,3164,3165,3166,3167,3168,3169,3170,3171,3172,3173,3174,3175,3176,3177,3178,3179,3180,3181,3182,3183,3184,3185,3186,3187,3188,3189,3190,3191,3192,3193,3194,3195,3196,3197,3198,3199,3200,3201,3202,3203,3204,3205,3206,3207,3208,3209,3210,3211,3212,3213,3214,3215,3216,3217,3218,3219,3220,3221,3222,3223,3224,3225,3226,3227,3228,3229,3230,3231,3232,3233,3234,3235,3236,3237,3238,3239,3240,3241,3242,3243,3244,3245,3246,3247,3248,3249,3250,3251,3252,3253,3254,3255,3256,3257",,"""Door: Solid Core Wood, Plastic Laminate "",""Frame: Hollow Metal, Cased Welded, (16 Gauge)"",""Door: Solid Core Wood, Plastic Laminate "",""Frame: Hollow Metal, Cased Welded, (16 Gauge)"",""Frame: Hollow Metal, Cased Welded, (16 Gauge)"",""Door: Solid Core Wood, Plastic Laminate "",""Frame: Hollow Metal, Cased Welded, (16 Gauge)"",""Door: Solid Core Wood, Plastic Laminate "",""Frame: Hollow Metal, Cased Welded, (16 Gauge)"",""Door: Solid Core Wood, Plastic Laminate "",""Frame: Hollow Metal, Cased Welded, (16 Gauge)"",""Door: Solid Core Wood, Plastic Laminate "",""Frame: Hollow Metal, Cased Welded, (16 Gauge)"",""Frame: Hollow Metal, Cased Welded, (16 Gauge)"",""Frame: Hollow Metal, Cased Welded, (16 Gauge)"",""Frame: Hollow Metal, Cased Welded, (16 Gauge)"",""Door: Solid Core Wood, Plastic Laminate "",""Frame: Hollow Metal, Cased Welded, (16 Gauge)"",""Frame: Hollow Metal, Cased Welded, (16 Gauge)"",""Door: Solid Core Wood, Plastic Laminate "",""Frame: Hollow Metal, Cased Welded, (16 Gauge)""",,,,,,,,,8/6/2025 7:59pm
"Hilton Garden Inn_Monroe, PA",Hilton Garden Inn,Eitzah,"Monroe, PA",1212 Navy Yard,35%,$0.00,,,,"65,66,67,68,69,70,71,72,73","ID_H_116A,ID_H_117A,ID_H_140A,ID_H_141A,ID_H_GR-01,ID_H_GR-02,ID_H_GR-03,ID_H_GR-04,ID_H_GR-05,ID_H_GR-06,ID_H_LEVEL 01,ID_H_001A,ID_H_001B,ID_H_001C,ID_H_002,ID_H_003A,ID_H_003B,ID_H_006A,ID_H_006B,ID_H_007B,ID_H_007C,ID_H_009,ID_H_010A,ID_H_010B,ID_H_012A,ID_H_012B,ID_H_013,ID_H_013A,ID_H_014,ID_H_015,ID_H_015A,ID_H_015B,ID_H_016,ID_H_016B,ID_H_017,ID_H_018,ID_H_020,ID_H_021,ID_H_022,ID_H_023,ID_H_024,ID_H_025A,ID_H_025B,ID_H_026A,ID_H_026B,ID_H_027,ID_H_028,ID_H_029,ID_H_030,ID_H_051,ID_H_052A,ID_H_052B,ID_H_133A,ID_H_133B,ID_H_X29,ID_H_LEVEL 02,ID_H_x34,ID_H_x35,ID_H_x51,ID_H_X52",,,,,,,,receuHto7wWiSUUB3,HO050725E07,,,10/29/2025,https://airtable.com/appIBydxpXuSdssZW/pag51K34I43p0rTlc/receuHto7wWiSUUB3,,,,,,,,,Integration Gig,,"1805,1806,1807,1808,1809,1810,1811,1812,1813,1814,1815,1816,1817,1818,1819,1820,1821,1822,1823,1824,1825,1826,1827,1828,1829,1830,1831,1832,1833,1834,1835,1836,1837,1838,1839,1840,1841,1842,1843,1844,1845,1846,1847,1848,1849,1850,1851,1852,1853,1854,1924,1925,1926,1927,1928,1929,1930,1931,1932,1933,1934,1935,1936,1937,1938,1939,1940,1941,1942,1943,1944,1945,1946,1947,1948,1949,1950,1951,1952,1953,1954,1955,1956,1957,1958,1959,1960,1961,1962,1963,1964,1965,1966,1967,1968,1969,1970,1971,1972,1973,1974,1975,1976,1977,1978,1979,1980,1981,1982,1983,1984,1985,1986,1987,1988,1989,1990,1991,1992,1993,1994,1995,1996,1997,1998,1999,2000,2001,2002,2003,2004,2005,2006,2007,2008,2009,2010",,"""Door: Solid Core Wood, Plastic Laminate "",""Frame: Hollow Metal, Cased Welded, (16 Gauge)"",""Door: Solid Core Wood, Plastic Laminate "",""Frame: Hollow Metal, Cased Welded, (16 Gauge)"",""Door: Solid Core Wood, Plastic Laminate "",""Frame: Hollow Metal, Cased Welded, (16 Gauge)"",""Door: Solid Core Wood, Plastic Laminate "",""Door: Solid Core Wood, Veneer""",,,,,,,,,7/4/2025 12:04pm
"Aloft City Park Hotel_Montreal, QB",Aloft City Park Hotel,Airtable,"Montreal, QB",123 Main Street ,35%,$0.00,,,,"74,75",ID_A_142A,,,,,,,,recNPYIHZWW74uqpq,HO050725G09,,,10/29/2025,https://airtable.com/appIBydxpXuSdssZW/pag51K34I43p0rTlc/recNPYIHZWW74uqpq,,,,,,,,,Integration Gig,,,,"""Door: Solid Core Wood, Plastic Laminate "",""Frame: Hollow Metal, Cased Welded, (16 Gauge)""",,,,,,,,,7/4/2025 12:04pm
"Navy Yard_Montreal, QB",Navy Yard,Test Tuesday HO,"Montreal, QB",123 Main Street ,35%,$0.00,,,,"76,77,78,79,80,81","ID_N_143A,ID_N_143B",,,"""""""Navy Yard_Montreal, QB"""" - CW""",,,,,recVAgO7Pdjn7Yh9j,HO050725G09,,,10/29/2025,https://airtable.com/appIBydxpXuSdssZW/pag51K34I43p0rTlc/recVAgO7Pdjn7Yh9j,,,,,,,,,Integration Gig,,,,"""Door: Solid Core Wood, Plastic Laminate "",""Frame: Hollow Metal, Cased Welded, (16 Gauge)"",""Door: Solid Core Wood, Plastic Laminate "",""Frame: Hollow Metal, Cased Welded, (16 Gauge)"",""Door: Solid Core Wood, Pre-Painted"",""Frame: Hollow Metal, Cased Welded, (16 Gauge)""",,,,,,,,,7/4/2025 12:04pm
Home_kentoky,Home,Herman,kentoky,,35%,$0.00,,,,,,,,,,,,,rec5xePW7fQ4a4zLq,HO050725H07,,,10/29/2025,https://airtable.com/appIBydxpXuSdssZW/pag51K34I43p0rTlc/rec5xePW7fQ4a4zLq,,,,,,,,,Integration Gig,,,,,,,,,,,,,7/4/2025 12:04pm
Testing View_,Testing View,Edgeworks,,,35%,$0.00,,,,,,,,,,,,,rec0VFk1gLkbGczh8,HO050725E09,,,10/29/2025,https://airtable.com/appIBydxpXuSdssZW/pag51K34I43p0rTlc/rec0VFk1gLkbGczh8,,,,,,,,,Integration Gig,,,,,,,,,,,,,7/4/2025 12:04pm
hello_,hello,Eitzah,,,35%,$0.00,,,,,ID_INVALID,,,,,,,,recJ1f3KDQTItZIfi,HO050725E07,,,10/29/2025,https://airtable.com/appIBydxpXuSdssZW/pag51K34I43p0rTlc/recJ1f3KDQTItZIfi,,,,,,,,,Integration Gig,hello_ 2025-06-30 17:29,"2940,2941,2942,2943,2944,2945,2946,2947,2948,2949,2950,2951,2952,2953,2954,2955,2956,2957,2958,2959,2960,2961,2962,2963,2964,2965,2966,2967,2968,2969,2970,2971,2972,2973,2974,2975,2976,2977,2978,2979,2980,2981,2982,2983,2984,2985,2986,2987,2988,2989,2990,2991,2992,2993,2994,2995,2996,2997",13,,,,,,,,,,7/4/2025 12:04pm
Script Test_Brooklyn NY,Script Test,Test Tuesday HO,Brooklyn NY,,35%,$0.00,,Draft,,"148,149,150,151,152,153","ID_S_A100,ID_S_578,ID_S_B987","148,149,150,151,152,153",,Script Test_Brooklyn NY - TS,,"""Script Test_Brooklyn NY, Script Test_Brooklyn NY_Door_25%"",""Script Test_Brooklyn NY, Script Test_Brooklyn NY_Frame_30%"",""Script Test_Brooklyn NY, Script Test_Brooklyn NY_Hardware_35%"",""Script Test_Brooklyn NY, Script Test_Brooklyn NY_Door SP_50%""",,,reczRh2irioNZYE0D,HO050725G09,,,10/29/2025,https://airtable.com/appIBydxpXuSdssZW/pag51K34I43p0rTlc/reczRh2irioNZYE0D,,,,,,,,,Integration Gig,,,,"""Door: Solid Core Wood, Veneer"",""Frame: Hollow Metal, Cased Welded, (18 Gauge)"",""Door: Solid Core Wood, Pre-Painted""",,,,,,,,,7/4/2025 12:04pm
Script Test_Brooklyn NY,Script Test,Edgeworks,Brooklyn NY,,35%,$0.00,,Quote Sent,,,"ID_S_A100,ID_S_578,ID_S_B987","148,149,150,151,152,153",,Script Test_Brooklyn NY - ,,"""Script Test_Brooklyn NY, Script Test_Brooklyn NY_Door_25%"",""Script Test_Brooklyn NY, Script Test_Brooklyn NY_Frame_30%"",""Script Test_Brooklyn NY, Script Test_Brooklyn NY_Hardware_35%"",""Script Test_Brooklyn NY, Script Test_Brooklyn NY_Door SP_50%"",Script Test_Brooklyn NY_Hardware_50%",,,recp1zmmq1egqwFYR,HO050725E07,,,10/29/2025,https://airtable.com/appIBydxpXuSdssZW/pag51K34I43p0rTlc/recp1zmmq1egqwFYR,openings_template.csv (https://v5.airtableusercontent.com/v3/u/46/46/1761710400000/76aKbAjujOajkovCskfaTw/tJvW1Wd8TDDxCOQnkFlRysi_F5Tp6up6p56ZdzFL5eiWrpJ2g8Mi7xbB-M6tDl2fsquEsyx8PcF6htHljDEcjc4wqo_TN1RDD3nCd7hsCJKWjF0XxujNtysJ5lbAG5ngZtoUSStHlw_pDkz_64h0y-AyuKJM6DMleSGfgRnYMoc/X8i5JUMEsyE6m0sLhhxQ-IApIrtSw1hp0kTSydtqdaw),Done,,,,,,,Integration Gig,,,,,,,,,,,,,7/4/2025 12:04pm
New Sunday Project _Monroe NY,New Sunday Project ,Sunday Test,Monroe NY,987 Main street ,35%,$0.00,Nice project ,Quote Sent,,"175,176,177,178,179,180,181,182,183,184,185,186,187,188","ID_N_100,ID_N_101,ID_N_120,ID_N_122,ID_N_123","186,187,188,178,179,180,181,182,177,176,175",,,,,New Sunday Project _Monroe NY,"New Sunday Project _Monroe NY,New Sunday Project _Monroe NY,New Sunday Project _Monroe NY,New Sunday Project _Monroe NY,New Sunday Project _Monroe NY",recam9lEWD6MWySxs,HO050725S09,,,10/29/2025,https://airtable.com/appIBydxpXuSdssZW/pag51K34I43p0rTlc/recam9lEWD6MWySxs,,,,,,,,,Integration Gig,,,,"""Door: Solid Core Wood, Pre-Painted"",""Frame: Hollow Metal, Cased Welded, (18 Gauge)"",""Frame: Hollow Metal, Cased Welded, (18 Gauge)"",""Door: Solid Core Wood, Pre-Painted"",""Door: Solid Core Wood, Pre-Painted"",""Frame: Hollow Metal, Cased Welded, (16 Gauge)"",""Door: Solid Core Wood, Pre-Painted"",""Frame: Hollow Metal, Cased Welded, (16 Gauge)""",,,,,,,,,7/4/2025 12:04pm
Project A _Brooklyn NY ,Project A ,Landeron,Brooklyn NY ,123 Main street ,25%,$0.00,Big project ,,,"189,190,191,192,193,194,195,196,197,198,199,200,201,202,203,204,205,206,207,208,209,210,211,212,213,214,215,216,217,218,219,220,221,222,223,224,225,226","ID_P_213,ID_P_214,ID_P_251A","189,190,191,192,193,194,195,196,197,198,199,200,222,223,224,225,226",,"Project A _Brooklyn NY  - 50,Project A _Brooklyn NY  - 56,Project A _Brooklyn NY  - 57",,,,"Project A _Brooklyn NY ,Project A _Brooklyn NY ,Project A _Brooklyn NY ,Project A _Brooklyn NY ,Project A _Brooklyn NY ,Project A _Brooklyn NY ,Project A _Brooklyn NY ,Project A _Brooklyn NY ,Project A _Brooklyn NY ,Project A _Brooklyn NY ,Project A _Brooklyn NY ,Project A _Brooklyn NY ,Project A _Brooklyn NY ,Project A _Brooklyn NY ,Project A _Brooklyn NY ",reckXU6YbJCqWaP0I,HO050725L07,,,10/29/2025,https://airtable.com/appIBydxpXuSdssZW/pag51K34I43p0rTlc/reckXU6YbJCqWaP0I,,,,,,,,,Integration Gig,,,,"""Frame: Hollow Metal, Cased Welded, (18 Gauge)"",""Door: Solid Core Wood, Pre-Painted"",""Door: Solid Core Wood, Veneer"",""Door: Solid Core Wood, Plastic Laminate "",""Frame: Hollow Metal, Cased Welded, (16 Gauge)"",""Frame: Hollow Metal, Cased Welded, (18 Gauge)"",""Door: Solid Core Wood, Primed"",""Door: Solid Core Wood, Primed"",""Frame: Hollow Metal, Welded, (16 Gauge)"",""Hardware: Hager, Push Plate, 30S 4x16, US26D"",""Door: Solid Core Wood, Primed"",""Frame: Hollow Metal, Welded, (16 Gauge)"",""Hardware: Hager, Push Plate, 30S 4x16, US26D"",""Door: Solid Core Wood, Primed"",""Frame: Hollow Metal, Welded, (16 Gauge)"",""Hardware: Hager, Push Plate, 30S 4x16, US26D"",""Door: Solid Core Wood, Primed"",""Frame: Hollow Metal, Welded, (16 Gauge)"",""Hardware: Hager, Push Plate, 30S 4x16, US26D"",""Door: Solid Core Wood, Primed"",""Frame: Hollow Metal, Welded, (16 Gauge)"",""Hardware: Hager, Push Plate, 30S 4x16, US26D"",""Door: Solid Core Wood, Primed"",""Frame: Hollow Metal, Welded, (16 Gauge)"",""Hardware: Hager, Push Plate, 30S 4x16, US26D"",""Hardware: Hager, Door Push/Pull, 13J, US32D"",""Hardware: Hager, Door Pull, 34J 4x16, US32D"",""Door: Solid Core Wood, Primed"",""Frame: Hollow Metal, Welded, (16 Gauge)"",""Hardware: Hager, Push Plate, 30S 4x16, US26D"",""Hardware: Hager, Door Push/Pull, 13J, US32D"",""Hardware: Hager, Door Pull, 34J 4x16, US32D""",,5,,,,,,,7/4/2025 12:04pm
AW Hotel Scarborough ME_Scarborough ME 04074,AW Hotel Scarborough ME,Opechee Construction Corporation,Scarborough ME 04074,491 Payne Road.,35%,$0.00,,,,,"ID_A_1GM,ID_A_1HW,ID_A_1LN1,ID_A_1LN2,ID_A_1LN3,ID_A_1MC1,ID_A_1MDF,ID_A_1RC,ID_A_1RR,ID_A_1SR1,ID_A_1ST1,ID_A_1ST2,ID_A_1WR1,ID_A_1WR2,ID_A_ERS,ID_A_GR",,,,,,,"AW Hotel Scarborough ME_Scarborough ME 04074,AW Hotel Scarborough ME_Scarborough ME 04074,AW Hotel Scarborough ME_Scarborough ME 04074",rec2wj2OvYpFNClfZ,HO051425O09,,,10/29/2025,https://airtable.com/appIBydxpXuSdssZW/pag51K34I43p0rTlc/rec2wj2OvYpFNClfZ,,,,,,,,,Integration Gig,,,,,,"4,6,7,8","4,6",,,,,,7/4/2025 12:04pm
Home 2 Suites & Tru by Hilton_VA 24201,Home 2 Suites & Tru by Hilton,"""Duncan Properties And Construction, Inc""",VA 24201,"Village Cir Bristol, ",35%,$24328.08,,,New Construction ,"410,411,412,413,414,415,416,417,418,419,420,421,422,423,424,425,426,427,428,429,430,431,432","ID_H_G01,ID_H_G02,ID_H_G03","410,411,412,413,414,415,416,417,418,419,420,421,422,423,424,425,426,427,428,429,430,431,432",,"Home 2 Suites & Tru by Hilton_VA 24201 - Set 1,Home 2 Suites & Tru by Hilton_VA 24201 - Set 2",,,,"Home 2 Suites & Tru by Hilton_VA 24201,Home 2 Suites & Tru by Hilton_VA 24201,Home 2 Suites & Tru by Hilton_VA 24201,Home 2 Suites & Tru by Hilton_VA 24201,Home 2 Suites & Tru by Hilton_VA 24201,Home 2 Suites & Tru by Hilton_VA 24201,Home 2 Suites & Tru by Hilton_VA 24201,Home 2 Suites & Tru by Hilton_VA 24201,Home 2 Suites & Tru by Hilton_VA 24201,Home 2 Suites & Tru by Hilton_VA 24201,Home 2 Suites & Tru by Hilton_VA 24201,Home 2 Suites & Tru by Hilton_VA 24201,Home 2 Suites & Tru by Hilton_VA 24201",recEDMe0mM8SqSeVD,HO051425D09,Quote V2.pdf (https://v5.airtableusercontent.com/v3/u/46/46/1761710400000/lmgwuYPEO4JnMCqvh3lkyA/Hbzoy2Zflm_eaRxL5cOlCfxn1TaTJiKvk0qZxw9KJWwYLren9-84Hf1SbKV7xXkBbw45BmOxGUuf600A-HycdQv4gpUeTnC3adkSoyIU5NEcUdXxIZKetQKEl_NWpzTqE0POGx_Z1pVIuld4LY4VMT8z-omIxRu3zOUQeGzQL2g/dd_-k0jsYMphYqD4zY_QcYEJEq9kN_2MVCed10ky5ks),,10/29/2025,https://airtable.com/appIBydxpXuSdssZW/pag51K34I43p0rTlc/recEDMe0mM8SqSeVD,,,,,,,,,Integration Gig,,,,"""Door: Solid Core Wood, Plastic Laminate "",""Frame: Hollow Metal, KD, (16 Gauge)"",""Hardware: Hager, Wall Stop, 232W, US26D"",""Hardware: Pemko, Threshold, EV2325"",""Hardware: Pemko, Latch, PDLAA10BE, Satin Bronze"",""Hardware: Hager, Closer, 5200, US26D"",""Hardware: Pemko, Smoke Seals, S773BL17, Black"",""Hardware: Hager, Hinges, BB1279 4.5x4.5, US26D"",""Hardware: Rockwood, Viewer, 627"",""Hardware: Pemko, Door Bottom, 2173DV"",""Door: Solid Core Wood, Plastic Laminate "",""Frame: Hollow Metal, KD, (16 Gauge)"",""Hardware: Hager, Wall Stop, 232W, US26D"",""Hardware: Pemko, Threshold, EV2325"",""Hardware: Pemko, Latch, PDLAA10BE, Satin Bronze"",""Hardware: Hager, Closer, 5200, US26D"",""Hardware: Pemko, Smoke Seals, S773BL17, Black"",""Hardware: Hager, Hinges, BB1279 4.5x4.5, US26D"",""Hardware: Rockwood, Viewer, 627"",""Hardware: Pemko, Door Bottom, 2173DV"",""Door: Solid Core Wood, Veneer"",""Frame: Hollow Metal, Cased Welded, (16 Gauge)"",""Hardware: Hager, Door Push/Pull, 13J, US32D""",,,,,,,,,7/4/2025 12:04pm
H2S Brooklyn _Brooklyn NY,H2S Brooklyn ,Opechee Construction Corporation,Brooklyn NY,63 Flushing ,35%,$158872.19,,,New Construction ,"433,434,435,436,437,438,439,440,441,442,443,444,445,446,447,448,449,450,452,453,454,455,456,457,458,459,460,461,462,463,464,465,466,467,468,469,470,471,472,473,474,475,476,477,478,479,480,481,482,483,484,485,486,487,488,489,490,491,492,493,494,495,496,497,498,499,500,501,502,503,504,505,506,507,508,585,586,587,588,589,590,591,592,593,594","ID_H_165,ID_H_170,ID_H_171,ID_H_176,ID_H_179","499,500,501,502,503,504,505,506,507,508,585,586,587,588,589,590,591,592,593,594",,"H2S Brooklyn _Brooklyn NY - 12,H2S Brooklyn _Brooklyn NY - 13","2,4,5,6,7,8,9",H2S Brooklyn _Brooklyn NY_Door_200%,,"H2S Brooklyn _Brooklyn NY,H2S Brooklyn _Brooklyn NY,H2S Brooklyn _Brooklyn NY,H2S Brooklyn _Brooklyn NY,H2S Brooklyn _Brooklyn NY,H2S Brooklyn _Brooklyn NY,H2S Brooklyn _Brooklyn NY,H2S Brooklyn _Brooklyn NY,H2S Brooklyn _Brooklyn NY,H2S Brooklyn _Brooklyn NY,H2S Brooklyn _Brooklyn NY,H2S Brooklyn _Brooklyn NY,H2S Brooklyn _Brooklyn NY,H2S Brooklyn _Brooklyn NY,H2S Brooklyn _Brooklyn NY",recMVvtxnsuyKchnW,HO052025O09,Quote V2.pdf (https://v5.airtableusercontent.com/v3/u/46/46/1761710400000/G7i4eL9Pz4boG0cs4KquCw/2RJXs-vOfkhaiu6I5PrFRHszPU8KUMlA4tbkB4R8T23vjL6XNXBk6hYjEB2H7cPeL6tpiCDii3BY_wUN_aoeOu_BqJ9i4YePL0_Ei0p9-eWOJx26fq8Lr6LezyqiLX7hPCyZr9kDdqwqlaObbX8pFj-HTp4UNDvROrpKF4e1FKs/xRJ0y-vS3Qjz8OIrBKlXXGbR-oQ9d59pVdq_yeA7SRU),,10/29/2025,https://airtable.com/appIBydxpXuSdssZW/pag51K34I43p0rTlc/recMVvtxnsuyKchnW,,,,,,,,,Automations,,,,"""Door: Solid Core Wood, Veneer"",""Frame: Hollow Metal, Cased Welded, (18 Gauge)"",""Hardware: Hager, Hinges, BB1279 4.5x4.5, US26D"",""Hardware: Hager, Closer, 5200 MLT ADJ 1-6 ALM BF, ALM"",""Hardware: Hager, Cylindrical Lock, 2570 2-3/4 WTN NC ASA IC, US26D"",""Door: Solid Core Wood, Veneer"",""Frame: Hollow Metal, Cased Welded, (18 Gauge)"",""Hardware: Hager, Hinges, BB1279 4.5x4.5, US26D"",""Hardware: Hager, Closer, 5200 MLT ADJ 1-6 ALM BF, ALM"",""Hardware: Hager, Cylindrical Lock, 2570 2-3/4 WTN NC ASA IC, US26D"",""Door: Solid Core Wood, Veneer"",""Frame: Hollow Metal, Cased Welded, (18 Gauge)"",""Hardware: Hager, Kick Plate, 190S 10x46, US4"",""Hardware: Hager, Hinges, BB1279 4.5x4.5, US26D"",""Hardware: Hager, Closer, 5200 MLT ADJ 1-6 ALM BF, ALM"",""Hardware: Hager, Cylindrical Lock, 2570 2-3/4 WTN NC ASA IC, US26D"",""Door: Solid Core Wood, Plastic Laminate "",""Frame: Hollow Metal, KD, (16 Gauge)"",""Door: Solid Core Wood, Veneer"",""Frame: Hollow Metal, Cased Welded, (18 Gauge)"",""Hardware: Hager, Kick Plate, 190S 10x46, US4"",""Hardware: Hager, Hinges, BB1279 4.5x4.5, US26D"",""Hardware: Hager, Closer, 5200 MLT ADJ 1-6 ALM BF, ALM"",""Hardware: Hager, Cylindrical Lock, 2570 2-3/4 WTN NC ASA IC, US26D"",""Door: Solid Core Wood, Plastic Laminate "",""Frame: Hollow Metal, KD, (16 Gauge)"",""Hardware: Hager, Push Plate, 30S 4x16, US26D"",""Door: Solid Core Wood, Veneer"",""Frame: Hollow Metal, Cased Welded, (18 Gauge)"",""Hardware: Hager, Kick Plate, 190S 10x46, US4"",""Hardware: Hager, Hinges, BB1279 4.5x4.5, US26D"",""Hardware: Hager, Closer, 5200 MLT ADJ 1-6 ALM BF, ALM"",""Hardware: Hager, Cylindrical Lock, 2570 2-3/4 WTN NC ASA IC, US26D"",""Door: Solid Core Wood, Plastic Laminate "",""Frame: Hollow Metal, KD, (16 Gauge)"",""Hardware: Hager, Push Plate, 30S 4x16, US26D"",""Door: Solid Core Wood, Veneer"",""Frame: Hollow Metal, Cased Welded, (18 Gauge)"",""Hardware: Hager, Kick Plate, 190S 10x46, US4"",""Hardware: Hager, Hinges, BB1279 4.5x4.5, US26D"",""Hardware: Hager, Closer, 5200 MLT ADJ 1-6 ALM BF, ALM"",""Hardware: Hager, Cylindrical Lock, 2570 2-3/4 WTN NC ASA IC, US26D"",""Door: Solid Core Wood, Plastic Laminate "",""Frame: Hollow Metal, KD, (16 Gauge)"",""Hardware: Hager, Push Plate, 30S 4x16, US26D"",""Door: Solid Core Wood, Plastic Laminate "",""Frame: Hollow Metal, KD, (16 Gauge)"",""Hardware: Hager, Push Plate, 30S 4x16, US26D"",""Door: Solid Core Wood, Veneer"",""Frame: Hollow Metal, Cased Welded, (18 Gauge)"",""Hardware: Hager, Kick Plate, 190S 10x46, US4"",""Hardware: Hager, Closer, 5200, US26D"",""Hardware: Hager, Hinges, BB1279 4.5x4.5, US26D"",""Hardware: Hager, Closer, 5200 MLT ADJ 1-6 ALM BF, ALM"",""Hardware: Hager, Cylindrical Lock, 2570 2-3/4 WTN NC ASA IC, US26D"",""Door: Solid Core Wood, Veneer"",""Frame: Hollow Metal, Cased Welded, (18 Gauge)"",""Hardware: Hager, Kick Plate, 190S 10x46, US4"",""Hardware: Hager, Closer, 5200, US26D"",""Hardware: Hager, Hinges, BB1279 4.5x4.5, US26D"",""Hardware: Hager, Closer, 5200 MLT ADJ 1-6 ALM BF, ALM"",""Hardware: Hager, Cylindrical Lock, 2570 2-3/4 WTN NC ASA IC, US26D"",""Door: Solid Core Wood, Plastic Laminate "",""Frame: Hollow Metal, KD, (16 Gauge)"",""Hardware: Hager, Push Plate, 30S 4x16, US26D"",""Door: Solid Core Wood, Veneer"",""Frame: Hollow Metal, Cased Welded, (18 Gauge)"",""Hardware: Hager, Kick Plate, 190S 10x46, US4"",""Hardware: Hager, Closer, 5200, US26D"",""Hardware: Hager, Hinges, BB1279 4.5x4.5, US26D"",""Hardware: Hager, Closer, 5200 MLT ADJ 1-6 ALM BF, ALM"",""Hardware: Hager, Cylindrical Lock, 2570 2-3/4 WTN NC ASA IC, US26D"",""Door: Solid Core Wood, Plastic Laminate "",""Frame: Hollow Metal, KD, (16 Gauge)"",""Hardware: Hager, Push Plate, 30S 4x16, US26D"",""Door: Solid Core Wood, Veneer"",""Frame: Hollow Metal, Cased Welded, (18 Gauge)"",""Hardware: Hager, Closer, 5200 TRK ADJ 1-6 ALM HOTA, ALM"",""Hardware: Hager, Hinges, BB1279 4.5x4.5, US26D"",""Hardware: Hager, Closer, 5200 MLT ADJ 1-6 ALM BF, ALM"",""Hardware: Hager, Cylindrical Lock, 2570 2-3/4 WTN NC ASA IC, US26D"",""Door: Hollow Core Wood, Plastic Laminate "",""Frame: Hollow Metal, Welded, (16 Gauge)"",""Door: Hollow Core Wood, 2 Panel, Pre-Painted"",""Frame: Hollow Metal, Welded, (18 Gauge)""",,"12,13",,,,,,,7/10/2025 5:13pm
"StudioRes - Haines City, FL_","StudioRes - Haines City, FL","""BASK Development, Inc""",,,35%,$0.00,,,,,,,,,,,,,recO9syqDa1Q5LKNH,HO052025B09,,,10/29/2025,https://airtable.com/appIBydxpXuSdssZW/pag51K34I43p0rTlc/recO9syqDa1Q5LKNH,,,,,,,,,Integration Gig,,,,,,,,,,,,,7/4/2025 12:04pm
"Holiday Inn Express - St. George, UT_","Holiday Inn Express - St. George, UT",Hadfield Building Corp.,,,35%,$0.00,,,,,,,,,,,,,recdfmmMzOfWRhj5b,HO052025H09,,,10/29/2025,https://airtable.com/appIBydxpXuSdssZW/pag51K34I43p0rTlc/recdfmmMzOfWRhj5b,,,,,,,,,Integration Gig,,,,,,,,,,,,,7/4/2025 12:04pm
"Raleigh Hotel - Miami Beach, FL_","Raleigh Hotel - Miami Beach, FL",AMERICARIBE,,,35%,$0.00,,,,,,,,,,,,,recxlbIZTaAiK2iVn,,,,10/29/2025,https://airtable.com/appIBydxpXuSdssZW/pag51K34I43p0rTlc/recxlbIZTaAiK2iVn,,,,,,,,,Integration Gig,,,,,,,,,,,,,7/4/2025 12:04pm
"Residence Inn - Albuquerque, NM_","Residence Inn - Albuquerque, NM",Sundaram Builders / Total Management Systems,,,35%,$0.00,,,,,,,,,,,,,recNEUXpL9hNls2CN,,,,10/29/2025,https://airtable.com/appIBydxpXuSdssZW/pag51K34I43p0rTlc/recNEUXpL9hNls2CN,,,,,,,,,Integration Gig,,,,,,,,,,,,,7/4/2025 12:04pm
"TownePlace Suites - Athens, AL_","TownePlace Suites - Athens, AL",Pinkerton & Laws,,,35%,$0.00,,,,,,,,,,,,,recryab2tLvFw5xUQ,,Quote V2.pdf (https://v5.airtableusercontent.com/v3/u/46/46/1761710400000/NuKTIaide5kOiBF8bZNntw/haVBeSsggNHVgGbnCKObv5lsPpjvuNRsFU943Sotqb1_b9njJdhhEIHwn_9HCEwG516u5YyxxcodkbE3_SnzyqFgnukRbwe94ckyFp04bkM0p_OCk0ZS2gCgfqVJ2DeqI0ih9Y8MZYldrYLsGl-D5b9BPQ2fFPJtDgvWDgdQX-0/TKO1AvhxVj_ctwDFCId-IyGkkN29Te61YJMwx_T0zZM),,10/29/2025,https://airtable.com/appIBydxpXuSdssZW/pag51K34I43p0rTlc/recryab2tLvFw5xUQ,,,,,,,,,Integration Gig,,,,,,,,,,,,,7/4/2025 12:04pm
"LaQuinta -Alexander City, AL_","LaQuinta -Alexander City, AL",Thomas Construction,,,35%,$0.00,,,,,,,,,,,,,recck0okOnkbr7OyD,,,,10/29/2025,https://airtable.com/appIBydxpXuSdssZW/pag51K34I43p0rTlc/recck0okOnkbr7OyD,,,,,,,,,Integration Gig,,,,,,,,,,,,,7/4/2025 12:04pm
"TownePlace Suites – Magnolia, AR_","TownePlace Suites – Magnolia, AR",Span Hospitality Group,,,35%,$0.00,,,,,,,,,,,,,rec2yhZwEjhXTFRvm,,Quote V2.pdf (https://v5.airtableusercontent.com/v3/u/46/46/1761710400000/l1G5-ZR0pLZ9u-YlBbDsJw/8dB88UaoLOxRfdxdptnkSz1VinZ1-PcQ8nDjPdKN3sFLvq_1eXNzJKKbtdOKNrBOB_5NZ8wGuJN7wSY_cGIOxLna8tmhRJ3lJAA0qCpjQqUwn6ISlfGRGMn-nnknHxtqEfPtZFzFa54rvcJK0pO6yzYzILXjFz_SiBvwrYAyXzE/T56hnD-hoqsN_D6GbMqtAZ0J2j3Ccqvg5oPY3Of5JF8),,10/29/2025,https://airtable.com/appIBydxpXuSdssZW/pag51K34I43p0rTlc/rec2yhZwEjhXTFRvm,,,,,,,,,Integration Gig,,,,,,,,,,,,,7/4/2025 12:04pm
"Woodspring Suites - Glendale, AZ_","Woodspring Suites - Glendale, AZ",Path Construction Company,,,35%,$0.00,,,,,,,,,,,,,recrriofcPWmEEEME,,,,10/29/2025,https://airtable.com/appIBydxpXuSdssZW/pag51K34I43p0rTlc/recrriofcPWmEEEME,,,,,,,,,Integration Gig,,,,,,,,,,,,,7/4/2025 12:04pm
"Element - Ocala, FL_","Element - Ocala, FL",Lake City Hotels Inc.,,,35%,$0.00,,,,,,,,,,,,,recWoiwFmt2MmZ0FL,,,,10/29/2025,https://airtable.com/appIBydxpXuSdssZW/pag51K34I43p0rTlc/recWoiwFmt2MmZ0FL,,,,,,,,,Integration Gig,,,,,,,,,,,,,7/4/2025 12:04pm
"Cotati Hotel - Sonoma, CA_","Cotati Hotel - Sonoma, CA",Cambean Hospitality LLC,,,35%,$0.00,,,,,,,,,,,,,recTaJNPanG9lGZWZ,,,,10/29/2025,https://airtable.com/appIBydxpXuSdssZW/pag51K34I43p0rTlc/recTaJNPanG9lGZWZ,,,,,,,,,Integration Gig,,,,,,,,,,,,,7/4/2025 12:04pm
"Home 2 Suites - Springfield, OH_","Home 2 Suites - Springfield, OH","""HiFive Development Services, Inc.""",,,35%,$142172.20,,,,"509,510,511,512,513,514,515,516,517,518,519,520,521,522,523,524,525,526,527,528,529,530,531,532,533,534,535,536,537,538,539,540,541,542,543,544,545,546,547,548,549,550,551,552,553,554,555,556,557,558,559,560,561,562,563,564,565,566,567,568,569,570,571,572,573,574,575,576,577,578,579,580,581,582,583,584,602,603,604,605,606,607","ID_H2_GR-01,ID_H2_GR-02,ID_H2_GR-03,ID_H2_GR-03,ID_H2_GR-04,ID_H2_001A,ID_H2_001B,ID_H2_002,ID_H2_003,ID_H2_004,ID_H2_005A,ID_H2_005B,ID_H2_006,ID_H2_007,ID_H2_011A,ID_H2_011B,ID_H2_012,ID_H2_013,ID_H2_014,ID_H2_015,ID_H2_016,ID_H2_017A,ID_H2_017B,ID_H2_018A,ID_H2_018B,ID_H2_019,ID_H2_020,ID_H2_021,ID_H2_023,ID_H2_025,ID_H2_026,ID_H2_027A,ID_H2_027B,ID_H2_029,ID_H2_032,ID_H2_035,ID_H2_036,ID_H2_037,ID_H2_038,ID_H2_133,ID_H2_134A,ID_H2_134B,ID_H2_151,ID_H2_152A,ID_H2_152B","602,603,604,605,606,607,561,562,563,564,565,566,573,574,575,576,577,578,579,580,581,582,583,584",,"""""""Home 2 Suites - Springfield, OH_"""", """"Home 2 Suites - Springfield, OH_"""", """"Home 2 Suites - Springfield, OH_"""", """"Home 2 Suites - Springfield, OH_"""", """"Home 2 Suites - Springfield, OH_"""" - 12""","12,13,14,15,16",,,"""""""Home 2 Suites - Springfield, OH_"""", """"Home 2 Suites - Springfield, OH_"""", """"Home 2 Suites - Springfield, OH_"""", """"Home 2 Suites - Springfield, OH_"""", """"Home 2 Suites - Springfield, OH_"""""",""""""Home 2 Suites - Springfield, OH_"""", """"Home 2 Suites - Springfield, OH_"""", """"Home 2 Suites - Springfield, OH_"""", """"Home 2 Suites - Springfield, OH_"""", """"Home 2 Suites - Springfield, OH_"""""",""""""Home 2 Suites - Springfield, OH_"""", """"Home 2 Suites - Springfield, OH_"""", """"Home 2 Suites - Springfield, OH_"""", """"Home 2 Suites - Springfield, OH_"""", """"Home 2 Suites - Springfield, OH_"""""",""""""Home 2 Suites - Springfield, OH_"""", """"Home 2 Suites - Springfield, OH_"""", """"Home 2 Suites - Springfield, OH_"""", """"Home 2 Suites - Springfield, OH_"""", """"Home 2 Suites - Springfield, OH_"""""",""""""Home 2 Suites - Springfield, OH_"""", """"Home 2 Suites - Springfield, OH_"""", """"Home 2 Suites - Springfield, OH_"""", """"Home 2 Suites - Springfield, OH_"""", """"Home 2 Suites - Springfield, OH_"""""",""""""Home 2 Suites - Springfield, OH_"""", """"Home 2 Suites - Springfield, OH_"""", """"Home 2 Suites - Springfield, OH_"""", """"Home 2 Suites - Springfield, OH_"""", """"Home 2 Suites - Springfield, OH_"""""",""""""Home 2 Suites - Springfield, OH_"""", """"Home 2 Suites - Springfield, OH_"""", """"Home 2 Suites - Springfield, OH_"""", """"Home 2 Suites - Springfield, OH_"""", """"Home 2 Suites - Springfield, OH_""""""",recOpavj8U2Hhje49,,Quote V2.pdf (https://v5.airtableusercontent.com/v3/u/46/46/1761710400000/uqBd79PI87uqvpz0OjURJQ/XycWwAzUtM6OF5D4rVafPp47UOET1RMGtrgSHqzTvyJeAZeKzIPltOho0ApX3342zyINATBDJZ-JF1p6WSOna1khWr2L9S6yuYowX5Y8teUv_HoEHAMBkuQcbooZhdyqJdFWBoWWWr222ZcvVG6Z1I0dLpoH9QrhFuws-OaknT8/ehRPIZQXGjVTfwCDdXKGz2RcCgffCxiX1mOPYWhLszg),,10/29/2025,https://airtable.com/appIBydxpXuSdssZW/pag51K34I43p0rTlc/recOpavj8U2Hhje49,1255.csv (https://v5.airtableusercontent.com/v3/u/46/46/1761710400000/q_oPDcCbQMS0-TPC1eK0wA/pJOWVfDZgxcLXQ6C6c9uftlXxrynxjrU70xxkQ67CVWBWqLH4fHDISrcCUKGzmNv03X63afc1HLEDAqTbHfi3dMPVYkW9zTL6-Bt0dUW8DJULTDCTcjQdaKyNCCd4vCu6AGb9j50fn0EEzJoMvukMQ/vs8-cDdksOhodXIkdMZdtGGKT7LgbDtUhBabSCxZHBY),Done,,,,,,,Automations,,,,"""Door: Solid Core Wood, Plastic Laminate "",""Frame: Hollow Metal, KD, (16 Gauge)"",""Door: Solid Core Wood, Plastic Laminate "",""Frame: Hollow Metal, KD, (16 Gauge)"",""Door: Solid Core Wood, Plastic Laminate "",""Frame: , Timely Frame, Pre-Finish, (18 Gauge)"",""Hardware: Hager, Cylindrical Passage, 2510 2-3/4 WTN ASA, US26D"",""Hardware: Hager, Closer, 5200 MLT ADJ 1-6 ALM BF, ALM"",""Hardware: Hager, Hinges, BB1279 4.5x4.5, US26D"",""Hardware: Pemko, Door Shoe, 2173DV35.625, Dark Bronze Aluminum"",""Door: Solid Core Wood, Plastic Laminate "",""Frame: , Timely Frame, Pre-Finish, (18 Gauge)"",""Hardware: Hager, Cylindrical Passage, 2510 2-3/4 WTN ASA, US26D"",""Hardware: Hager, Closer, 5200 MLT ADJ 1-6 ALM BF, ALM"",""Hardware: Hager, Hinges, BB1279 4.5x4.5, US26D"",""Hardware: Pemko, Door Shoe, 2173DV35.625, Dark Bronze Aluminum"",""Door: Solid Core Wood, Plastic Laminate "",""Frame: , Timely Frame, Pre-Finish, (18 Gauge)"",""Hardware: Hager, Cylindrical Passage, 2510 2-3/4 WTN ASA, US26D"",""Hardware: Hager, Closer, 5200 MLT ADJ 1-6 ALM BF, ALM"",""Hardware: Hager, Hinges, BB1279 4.5x4.5, US26D"",""Hardware: Pemko, Door Shoe, 2173DV35.625, Dark Bronze Aluminum"",""Door: Solid Core Wood, Plastic Laminate "",""Frame: , Timely Frame, Pre-Finish, (18 Gauge)"",""Hardware: Hager, Cylindrical Passage, 2510 2-3/4 WTN ASA, US26D"",""Hardware: Hager, Closer, 5200 MLT ADJ 1-6 ALM BF, ALM"",""Hardware: Hager, Hinges, BB1279 4.5x4.5, US26D"",""Hardware: Pemko, Door Shoe, 2173DV35.625, Dark Bronze Aluminum"",""Door: Solid Core Wood, Plastic Laminate "",""Frame: , Timely Frame, Pre-Finish, (18 Gauge)"",""Hardware: Hager, Cylindrical Passage, 2510 2-3/4 WTN ASA, US26D"",""Hardware: Hager, Closer, 5200 MLT ADJ 1-6 ALM BF, ALM"",""Hardware: Hager, Hinges, BB1279 4.5x4.5, US26D"",""Hardware: Pemko, Door Shoe, 2173DV35.625, Dark Bronze Aluminum"",""Door: Solid Core Wood, Plastic Laminate "",""Frame: , Timely Frame, Pre-Finish, (18 Gauge)"",""Hardware: Hager, Cylindrical Passage, 2510 2-3/4 WTN ASA, US26D"",""Hardware: Hager, Closer, 5200 MLT ADJ 1-6 ALM BF, ALM"",""Hardware: Hager, Hinges, BB1279 4.5x4.5, US26D"",""Hardware: Pemko, Door Shoe, 2173DV35.625, Dark Bronze Aluminum"",""Door: Solid Core Wood, Plastic Laminate "",""Frame: , Timely Frame, Pre-Finish, (18 Gauge)"",""Hardware: Hager, Cylindrical Passage, 2510 2-3/4 WTN ASA, US26D"",""Hardware: Hager, Closer, 5200 MLT ADJ 1-6 ALM BF, ALM"",""Hardware: Hager, Hinges, BB1279 4.5x4.5, US26D"",""Hardware: Pemko, Door Shoe, 2173DV35.625, Dark Bronze Aluminum"",""Door: Solid Core Wood, Plastic Laminate "",""Frame: , Timely Frame, Pre-Finish, (18 Gauge)"",""Hardware: Hager, Cylindrical Passage, 2510 2-3/4 WTN ASA, US26D"",""Hardware: Hager, Closer, 5200 MLT ADJ 1-6 ALM BF, ALM"",""Hardware: Hager, Hinges, BB1279 4.5x4.5, US26D"",""Hardware: Pemko, Door Shoe, 2173DV35.625, Dark Bronze Aluminum"",""Door: Solid Core Wood, Plastic Laminate "",""Frame: , Timely Frame, Pre-Finish, (18 Gauge)"",""Hardware: Hager, Cylindrical Passage, 2510 2-3/4 WTN ASA, US26D"",""Hardware: Hager, Closer, 5200 MLT ADJ 1-6 ALM BF, ALM"",""Hardware: Hager, Hinges, BB1279 4.5x4.5, US26D"",""Hardware: Pemko, Door Shoe, 2173DV35.625, Dark Bronze Aluminum"",""Door: Solid Core Wood, Plastic Laminate "",""Frame: , Timely Frame, Pre-Finish, (18 Gauge)"",""Hardware: Hager, Cylindrical Passage, 2510 2-3/4 WTN ASA, US26D"",""Hardware: Hager, Closer, 5200 MLT ADJ 1-6 ALM BF, ALM"",""Hardware: Hager, Hinges, BB1279 4.5x4.5, US26D"",""Hardware: Pemko, Door Shoe, 2173DV35.625, Dark Bronze Aluminum"",""Door: Solid Core Wood, Plastic Laminate "",""Frame: , Timely Frame, Pre-Finish, (18 Gauge)"",""Hardware: Hager, Cylindrical Passage, 2510 2-3/4 WTN ASA, US26D"",""Hardware: Hager, Closer, 5200 MLT ADJ 1-6 ALM BF, ALM"",""Hardware: Hager, Hinges, BB1279 4.5x4.5, US26D"",""Hardware: Pemko, Door Shoe, 2173DV35.625, Dark Bronze Aluminum"",""Door: Solid Core Wood, Plastic Laminate "",""Frame: , Timely Frame, Pre-Finish, (18 Gauge)"",""Hardware: Hager, Cylindrical Passage, 2510 2-3/4 WTN ASA, US26D"",""Hardware: Hager, Closer, 5200 MLT ADJ 1-6 ALM BF, ALM"",""Hardware: Hager, Hinges, BB1279 4.5x4.5, US26D"",""Hardware: Pemko, Door Shoe, 2173DV35.625, Dark Bronze Aluminum"",""Door: Solid Core Wood, Plastic Laminate "",""Frame: , Timely Frame, Pre-Finish, (18 Gauge)"",""Hardware: Hager, Cylindrical Passage, 2510 2-3/4 WTN ASA, US26D"",""Hardware: Hager, Closer, 5200 MLT ADJ 1-6 ALM BF, ALM"",""Hardware: Hager, Hinges, BB1279 4.5x4.5, US26D"",""Hardware: Pemko, Door Shoe, 2173DV35.625, Dark Bronze Aluminum""",,14,,,Eitzah,Ready to Copy,,"""Home 2 Suites - Springfield, OH_"",""Home 2 Suites - Springfield, OH_"",""Home 2 Suites - Springfield, OH_"",""Home 2 Suites - Springfield, OH_""",9/16/2025 3:11pm
"AC Hotel - Chattanooga, TN_","AC Hotel - Chattanooga, TN",Grace Construction Consultants,,,35%,$0.00,,,,,,,,,,,,,recGvpa4xPVpyYHid,,,,10/29/2025,https://airtable.com/appIBydxpXuSdssZW/pag51K34I43p0rTlc/recGvpa4xPVpyYHid,openings_template.csv (https://v5.airtableusercontent.com/v3/u/46/46/1761710400000/ja6aeL4NGyl0Ku7SnVcO-A/OGPeCt0HU7NmykQr8mfRb0Hv_qC0X5C81FWhDqvsUQqewX5UC1I4ffS5gIap_DZfj_8KbiA-lPuihP5ZZeaA9Tl--491DmUgAaQkvQ13b-kmui4u0GHTZRncNXbUfTjV6GwfH6Ja1uMUMYFTKCTZdKIvmA9AcuUQb2Bez2kO0BY/dG0U0CWSF4FInugkiA9N8avOVyJyL-nShQH81DCt5ZQ),Done,,,,,,,Integration Gig,,,,,,,,,,,,,7/4/2025 12:04pm
"Holiday Inn Express- Alexander City, AL_","Holiday Inn Express- Alexander City, AL",Firmo Construction,,,35%,$0.00,,,,,,,,,,,,,recHrCEOffrTvIfLV,,Quote V2.pdf (https://v5.airtableusercontent.com/v3/u/46/46/1761710400000/AWU-kMnqfrtsU6KYTw5e6Q/MLrpYc1i49x3igEfCOPXg4P1-61F4bXMflQjqBb6_0qpraGzl6HIH_ba69EnIoy2fFcIU6aTEvNxg4jUfJZSem90j8_oPFq8RIHpsW44KvaNXdTtcIrT_C6cwrkX1echvgxCoTEXw1YHAydQz4AsYltaVxGMN66eLyXlMJP0gt0/mEHhArOMAB_rPmgXyZ_510DZBJzsfjmJDQ9pYV7YRgA),,10/29/2025,https://airtable.com/appIBydxpXuSdssZW/pag51K34I43p0rTlc/recHrCEOffrTvIfLV,,,,,,,,,Integration Gig,,,,,,,,,,,,,7/4/2025 12:04pm
"Home 2 Suites -Plattsburgh, NY_","Home 2 Suites -Plattsburgh, NY",BBL Hospitality,,,35%,$0.00,,,,,,,,,,,,,recfah9cjkpo0deAt,,Quote V2.pdf (https://v5.airtableusercontent.com/v3/u/46/46/1761710400000/_KMcFZ7QP_YyXjOtDlbkDw/a9sK6IORTgYeeLK_zU5szW9jSjKpXG36jvKGoBg4Aza48oERbCah8vZV5LvvvZkBA-yn3kfzX21phby7cZ-FyYLatyR3IBgsfRqshdNApmnRmwhMrFlcY2bXFpfoRSw20yOa9XAzTpNWKIryr0F78RkfTDIKtKFHesncqAcJZ-0/P5qffLmD18nBSPyIvRz8gjAbZ9XLeyfRmKWbi-K7gIc),60,12/28/2025,https://airtable.com/appIBydxpXuSdssZW/pag51K34I43p0rTlc/recfah9cjkpo0deAt,,,,,,,,,Integration Gig,,,,,,,,,,,,,7/4/2025 12:04pm
Test Erev YomTov_Monroe KJ,Test Erev YomTov,Landeron,Monroe KJ,,35%,$0.00,,,New Construction ,,"ID_T_A123,ID_T_A124",,,,,,,,recZIFUOXiKZn562e,,,,10/29/2025,https://airtable.com/appIBydxpXuSdssZW/pag51K34I43p0rTlc/recZIFUOXiKZn562e,,,,,,,,,Integration Gig,,,,,,,,,,,,,7/4/2025 12:04pm
"LaQuinta Hotel - Grover Beach, CA_","LaQuinta Hotel - Grover Beach, CA",Cantilever Inc. / HCP Engineering,,,35%,$0.00,,,,,,,,,,,,,rec8gJB2ZXmi9mK7z,,,,10/29/2025,https://airtable.com/appIBydxpXuSdssZW/pag51K34I43p0rTlc/rec8gJB2ZXmi9mK7z,,,,,,,,,Integration Gig,,,,,,,,,,,,,7/4/2025 12:04pm
"La Quinta Hotel - Grover Beach, CA_","La Quinta Hotel - Grover Beach, CA",E.H. Butland Corp.,,,35%,$0.00,,,,,,,,,,,,,recaeUTJeZ8zfm4EP,,,,10/29/2025,https://airtable.com/appIBydxpXuSdssZW/pag51K34I43p0rTlc/recaeUTJeZ8zfm4EP,,,,,,,,,Integration Gig,,,,,,,,,,,,,7/4/2025 12:04pm
"Holiday Inn Express - New Albany , IN_","Holiday Inn Express - New Albany , IN",GMS Construction,,,35%,$0.00,,,,,,,,,,,,,recnLZzAih3pR2mqw,,,45,12/13/2025,https://airtable.com/appIBydxpXuSdssZW/pag51K34I43p0rTlc/recnLZzAih3pR2mqw,,,,,,,,,Integration Gig,,,,,,,,,,,,,7/4/2025 12:04pm
Homewood Suites_Celebration FL,Homewood Suites,Edgeworks,Celebration FL,123 street ,35%,$0.00,,Draft,,"12,13,14,4","ID_INVALID,ID_H_SHIPPING ,ID_H_45,ID_H_123,ID_H_001A,ID_H_SHIPPING ,ID_H_123,ID_H_45,ID_INVALID,ID_H_001A",,,,1,"""Homewood Suites_Celebration FL, Homewood Suites_Celebration FL_Door_30%"",Homewood Suites_Celebration FL_Door_30%",,,rechbqz6jMJN4RlVe,HO050725C07,test .pdf (https://v5.airtableusercontent.com/v3/u/46/46/1761710400000/qg1ElC6bmyCS0NWodwiuBQ/_U75xUzpM2aT7GcIaIWbbtJOBi-7VFK7tP9hFnAmAkeAE5dTiS4BqgjgBHoC4Fn_i0R1WQjyb8soTtlLlEeXzVR_IaOJ7uOnXhuovphvWsivC2BjSeDxH8mZR-1zWycD3KNznxucz5tRqOfqKU3K0jE4ggHpyCX0KMyubbU6Qtg/-ybCn4c4qG34PI9_1aHNIEIGQbab5e77-m_Wicpg3EI),60,12/28/2025,https://airtable.com/appIBydxpXuSdssZW/pag51K34I43p0rTlc/rechbqz6jMJN4RlVe,,,,"Unnamed record,A101,Unnamed record",Unnamed record,Generated,Rev 1,David Feferkorn,Automations,"""Homewood Suites_Celebration FL, Homewood Suites_Celebration FL 2025-07-01 00:24""","2015,2016,2017,2018,2019,2020,2021,2022,2023,2024,2025,2026,2027,2028,2029,2030,2031,2032,2033,2034,2035,2036,2037,2038,2039,2040,2041,2042,2043,2044,2045,2046,2047,2048,2049,2050,2051,2052,2053,2054,2055,2056",14,"""Door: Solid Core Wood, Plastic Laminate "",""Frame: Hollow Metal, Cased Welded, (16 Gauge)"",""Door: Solid Core Wood, Plastic Laminate """,,1,,,,,Homewood Suites_Celebration FL,,8/5/2025 12:58pm
"Home 2 Suites - Springfield, OH_","Home 2 Suites - Springfield, OH",Eitzah,,,35%,$230010.20,,,,"509,510,511,512,513,514,515,516,517,518,519,520,521,522,523,524,525,526,527,528,529,530,531,532,533,534,535,536,537,538,539,540,541,542,543,544,545,546,547,548,549,550,551,552,553,554,555,556,557,558,559,560,561,562,563,564,565,566,567,568,569,570,571,572,573,574,575,576,577,578,579,580,581,582,583,584","ID_H2_GR-01,ID_H2_GR-02,ID_H2_GR-03,ID_H2_GR-03,ID_H2_GR-04,ID_H2_001A,ID_H2_001B,ID_H2_002,ID_H2_003,ID_H2_004,ID_H2_005A,ID_H2_005B,ID_H2_006,ID_H2_007,ID_H2_011A,ID_H2_011B,ID_H2_012,ID_H2_013,ID_H2_014,ID_H2_015,ID_H2_016,ID_H2_017A,ID_H2_017B,ID_H2_018A,ID_H2_018B,ID_H2_019,ID_H2_020,ID_H2_021,ID_H2_023,ID_H2_025,ID_H2_026,ID_H2_027A,ID_H2_027B,ID_H2_029,ID_H2_032,ID_H2_035,ID_H2_036,ID_H2_037,ID_H2_038,ID_H2_133,ID_H2_134A,ID_H2_134B,ID_H2_151,ID_H2_152A,ID_H2_152B,ID_H2_020,ID_H2_005A,ID_H2_036,ID_H2_134B,ID_H2_017B,ID_H2_014,ID_H2_035,ID_H2_GR-03,ID_H2_001B,ID_H2_002,ID_H2_018B,ID_H2_027B,ID_H2_017A,ID_H2_029,ID_H2_027A,ID_H2_038,ID_H2_001A,ID_H2_037,ID_H2_152B,ID_H2_133,ID_H2_005B,ID_H2_GR-03,ID_H2_GR-04,ID_H2_001A,ID_H2_001B,ID_H2_002,ID_H2_003,ID_H2_004,ID_H2_005A,ID_H2_005B,ID_H2_006,ID_H2_007,ID_H2_011A,ID_H2_011B,ID_H2_012,ID_H2_013,ID_H2_014,ID_H2_015,ID_H2_016,ID_H2_017A,ID_H2_017B,ID_H2_018A,ID_H2_018B,ID_H2_019,ID_H2_020,ID_H2_021,ID_H2_023,ID_H2_025,ID_H2_026,ID_H2_027A,ID_H2_027B,ID_H2_029,ID_H2_032,ID_H2_035,ID_H2_036,ID_H2_037,ID_H2_038,ID_H2_133,ID_H2_134A,ID_H2_134B,ID_H2_151,ID_H2_152A,ID_H2_152B,ID_H2_006,ID_H2_012,ID_H2_003,ID_H2_152A,ID_H2_032,ID_H2_007,ID_H2_016,ID_H2_GR-01,ID_H2_GR-02,ID_H2_004,ID_H2_025,ID_H2_021,ID_H2_GR-04,ID_H2_011B,ID_H2_018A,ID_H2_151,ID_H2_011A,ID_H2_023,ID_H2_015,ID_H2_026,ID_H2_134A,ID_H2_GR-03,ID_H2_019,ID_H2_013","602,603,604,605,606,607,561,562,563,564,565,566,573,574,575,576,577,578,579,580,581,582,583,584,573,574,575,576,577,578,555,556,557,558,559,560,561,562,563,564,565,566,579,580,581,582,583,584",,"""""""Home 2 Suites - Springfield, OH_"""", """"Home 2 Suites - Springfield, OH_"""", """"Home 2 Suites - Springfield, OH_"""", """"Home 2 Suites - Springfield, OH_"""", """"Home 2 Suites - Springfield, OH_"""" - 12""","12,13,14,15,16",,,"""""""Home 2 Suites - Springfield, OH_"""", """"Home 2 Suites - Springfield, OH_"""", """"Home 2 Suites - Springfield, OH_"""", """"Home 2 Suites - Springfield, OH_"""", """"Home 2 Suites - Springfield, OH_"""""",""""""Home 2 Suites - Springfield, OH_"""", """"Home 2 Suites - Springfield, OH_"""", """"Home 2 Suites - Springfield, OH_"""", """"Home 2 Suites - Springfield, OH_"""", """"Home 2 Suites - Springfield, OH_"""""",""""""Home 2 Suites - Springfield, OH_"""", """"Home 2 Suites - Springfield, OH_"""", """"Home 2 Suites - Springfield, OH_"""", """"Home 2 Suites - Springfield, OH_"""", """"Home 2 Suites - Springfield, OH_"""""",""""""Home 2 Suites - Springfield, OH_"""", """"Home 2 Suites - Springfield, OH_"""", """"Home 2 Suites - Springfield, OH_"""", """"Home 2 Suites - Springfield, OH_"""", """"Home 2 Suites - Springfield, OH_"""""",""""""Home 2 Suites - Springfield, OH_"""", """"Home 2 Suites - Springfield, OH_"""", """"Home 2 Suites - Springfield, OH_"""", """"Home 2 Suites - Springfield, OH_"""", """"Home 2 Suites - Springfield, OH_"""""",""""""Home 2 Suites - Springfield, OH_"""", """"Home 2 Suites - Springfield, OH_"""", """"Home 2 Suites - Springfield, OH_"""", """"Home 2 Suites - Springfield, OH_"""", """"Home 2 Suites - Springfield, OH_"""""",""""""Home 2 Suites - Springfield, OH_"""", """"Home 2 Suites - Springfield, OH_"""", """"Home 2 Suites - Springfield, OH_"""", """"Home 2 Suites - Springfield, OH_"""", """"Home 2 Suites - Springfield, OH_""""""",reckSO5FyASeoCxT8,,Quote V2.pdf (https://v5.airtableusercontent.com/v3/u/46/46/1761710400000/a6WqArN8YT1w5wRfqWdyXw/WB88t8ShfhsInT7LqDHUQDVlNlTvLFj3F3ugagByjQanbwG-Ahe1Ekr-utiXOHIVaKlGCo05L5Hd-_FsfkkLseDAotBzSl4rLqYLHqa-KmLR3vH0sXfnDvyErYxxMCx32hvmSIv8gxnxCw4-prULmyJyoDLSv58K5Xlr8u6o0cQ/QKoIzXqqk7FnhTR9iX-udNSYDF8YDzdg1OF-ikYOlUQ),,10/29/2025,https://airtable.com/appIBydxpXuSdssZW/pag51K34I43p0rTlc/reckSO5FyASeoCxT8,1255.csv (https://v5.airtableusercontent.com/v3/u/46/46/1761710400000/SnhSU1a97c4HVYHuaTM6Ug/q5C0-Ba8YIqPPTGZqs3Cj27nAHqi2a2jBDbpL7GG15BVr6vdmrjZsvCekeohoJE7OFiGSWZxEZ7Y3eSDlXWFe_Ymq3Whz_CPI15iPikP0ErcIOwdvy03nHTdROlbRmi4wQ7KgP_Kustc8xk_zehTB3p0S-6razYqMwfZr2soCGg/X8G3NGp8rKUun7-scXscbqjE5Nt9dU3RYq7SOHoM5zU),Done,,,,,,,Automations,,,,"""Door: Solid Core Wood, Plastic Laminate "",""Frame: Hollow Metal, KD, (16 Gauge)"",""Door: Solid Core Wood, Plastic Laminate "",""Frame: Hollow Metal, KD, (16 Gauge)"",""Door: Solid Core Wood, Plastic Laminate "",""Frame: , Timely Frame, Pre-Finish, (18 Gauge)"",""Hardware: Hager, Cylindrical Passage, 2510 2-3/4 WTN ASA, US26D"",""Hardware: Hager, Closer, 5200 MLT ADJ 1-6 ALM BF, ALM"",""Hardware: Hager, Hinges, BB1279 4.5x4.5, US26D"",""Hardware: Pemko, Door Shoe, 2173DV35.625, Dark Bronze Aluminum"",""Door: Solid Core Wood, Plastic Laminate "",""Frame: , Timely Frame, Pre-Finish, (18 Gauge)"",""Hardware: Hager, Cylindrical Passage, 2510 2-3/4 WTN ASA, US26D"",""Hardware: Hager, Closer, 5200 MLT ADJ 1-6 ALM BF, ALM"",""Hardware: Hager, Hinges, BB1279 4.5x4.5, US26D"",""Hardware: Pemko, Door Shoe, 2173DV35.625, Dark Bronze Aluminum"",""Door: Solid Core Wood, Plastic Laminate "",""Frame: , Timely Frame, Pre-Finish, (18 Gauge)"",""Hardware: Hager, Cylindrical Passage, 2510 2-3/4 WTN ASA, US26D"",""Hardware: Hager, Closer, 5200 MLT ADJ 1-6 ALM BF, ALM"",""Hardware: Hager, Hinges, BB1279 4.5x4.5, US26D"",""Hardware: Pemko, Door Shoe, 2173DV35.625, Dark Bronze Aluminum"",""Door: Solid Core Wood, Plastic Laminate "",""Frame: , Timely Frame, Pre-Finish, (18 Gauge)"",""Hardware: Hager, Cylindrical Passage, 2510 2-3/4 WTN ASA, US26D"",""Hardware: Hager, Closer, 5200 MLT ADJ 1-6 ALM BF, ALM"",""Hardware: Hager, Hinges, BB1279 4.5x4.5, US26D"",""Hardware: Pemko, Door Shoe, 2173DV35.625, Dark Bronze Aluminum"",""Door: Solid Core Wood, Plastic Laminate "",""Frame: , Timely Frame, Pre-Finish, (18 Gauge)"",""Hardware: Hager, Cylindrical Passage, 2510 2-3/4 WTN ASA, US26D"",""Hardware: Hager, Closer, 5200 MLT ADJ 1-6 ALM BF, ALM"",""Hardware: Hager, Hinges, BB1279 4.5x4.5, US26D"",""Hardware: Pemko, Door Shoe, 2173DV35.625, Dark Bronze Aluminum"",""Door: Solid Core Wood, Plastic Laminate "",""Frame: , Timely Frame, Pre-Finish, (18 Gauge)"",""Hardware: Hager, Cylindrical Passage, 2510 2-3/4 WTN ASA, US26D"",""Hardware: Hager, Closer, 5200 MLT ADJ 1-6 ALM BF, ALM"",""Hardware: Hager, Hinges, BB1279 4.5x4.5, US26D"",""Hardware: Pemko, Door Shoe, 2173DV35.625, Dark Bronze Aluminum"",""Door: Solid Core Wood, Plastic Laminate "",""Frame: , Timely Frame, Pre-Finish, (18 Gauge)"",""Hardware: Hager, Cylindrical Passage, 2510 2-3/4 WTN ASA, US26D"",""Hardware: Hager, Closer, 5200 MLT ADJ 1-6 ALM BF, ALM"",""Hardware: Hager, Hinges, BB1279 4.5x4.5, US26D"",""Hardware: Pemko, Door Shoe, 2173DV35.625, Dark Bronze Aluminum"",""Door: Solid Core Wood, Plastic Laminate "",""Frame: , Timely Frame, Pre-Finish, (18 Gauge)"",""Hardware: Hager, Cylindrical Passage, 2510 2-3/4 WTN ASA, US26D"",""Hardware: Hager, Closer, 5200 MLT ADJ 1-6 ALM BF, ALM"",""Hardware: Hager, Hinges, BB1279 4.5x4.5, US26D"",""Hardware: Pemko, Door Shoe, 2173DV35.625, Dark Bronze Aluminum"",""Door: Solid Core Wood, Plastic Laminate "",""Frame: , Timely Frame, Pre-Finish, (18 Gauge)"",""Hardware: Hager, Cylindrical Passage, 2510 2-3/4 WTN ASA, US26D"",""Hardware: Hager, Closer, 5200 MLT ADJ 1-6 ALM BF, ALM"",""Hardware: Hager, Hinges, BB1279 4.5x4.5, US26D"",""Hardware: Pemko, Door Shoe, 2173DV35.625, Dark Bronze Aluminum"",""Door: Solid Core Wood, Plastic Laminate "",""Frame: , Timely Frame, Pre-Finish, (18 Gauge)"",""Hardware: Hager, Cylindrical Passage, 2510 2-3/4 WTN ASA, US26D"",""Hardware: Hager, Closer, 5200 MLT ADJ 1-6 ALM BF, ALM"",""Hardware: Hager, Hinges, BB1279 4.5x4.5, US26D"",""Hardware: Pemko, Door Shoe, 2173DV35.625, Dark Bronze Aluminum"",""Door: Solid Core Wood, Plastic Laminate "",""Frame: , Timely Frame, Pre-Finish, (18 Gauge)"",""Hardware: Hager, Cylindrical Passage, 2510 2-3/4 WTN ASA, US26D"",""Hardware: Hager, Closer, 5200 MLT ADJ 1-6 ALM BF, ALM"",""Hardware: Hager, Hinges, BB1279 4.5x4.5, US26D"",""Hardware: Pemko, Door Shoe, 2173DV35.625, Dark Bronze Aluminum"",""Door: Solid Core Wood, Plastic Laminate "",""Frame: , Timely Frame, Pre-Finish, (18 Gauge)"",""Hardware: Hager, Cylindrical Passage, 2510 2-3/4 WTN ASA, US26D"",""Hardware: Hager, Closer, 5200 MLT ADJ 1-6 ALM BF, ALM"",""Hardware: Hager, Hinges, BB1279 4.5x4.5, US26D"",""Hardware: Pemko, Door Shoe, 2173DV35.625, Dark Bronze Aluminum""",,14,,,,,"""Home 2 Suites - Springfield, OH_"",""Home 2 Suites - Springfield, OH_"",""Home 2 Suites - Springfield, OH_"",""Home 2 Suites - Springfield, OH_""",,8/5/2025 3:37pm
"Home 2 Suites - Springfield, OH_","Home 2 Suites - Springfield, OH",Eitzah,,,35%,$230010.20,,,,"509,510,511,512,513,514,515,516,517,518,519,520,521,522,523,524,525,526,527,528,529,530,531,532,533,534,535,536,537,538,539,540,541,542,543,544,545,546,547,548,549,550,551,552,553,554,555,556,557,558,559,560,561,562,563,564,565,566,567,568,569,570,571,572,573,574,575,576,577,578,579,580,581,582,583,584","ID_H2_GR-01,ID_H2_GR-02,ID_H2_GR-03,ID_H2_GR-03,ID_H2_GR-04,ID_H2_001A,ID_H2_001B,ID_H2_002,ID_H2_003,ID_H2_004,ID_H2_005A,ID_H2_005B,ID_H2_006,ID_H2_007,ID_H2_011A,ID_H2_011B,ID_H2_012,ID_H2_013,ID_H2_014,ID_H2_015,ID_H2_016,ID_H2_017A,ID_H2_017B,ID_H2_018A,ID_H2_018B,ID_H2_019,ID_H2_020,ID_H2_021,ID_H2_023,ID_H2_025,ID_H2_026,ID_H2_027A,ID_H2_027B,ID_H2_029,ID_H2_032,ID_H2_035,ID_H2_036,ID_H2_037,ID_H2_038,ID_H2_133,ID_H2_134A,ID_H2_134B,ID_H2_151,ID_H2_152A,ID_H2_152B,ID_H2_020,ID_H2_005A,ID_H2_036,ID_H2_134B,ID_H2_017B,ID_H2_014,ID_H2_035,ID_H2_GR-03,ID_H2_001B,ID_H2_002,ID_H2_018B,ID_H2_027B,ID_H2_017A,ID_H2_029,ID_H2_027A,ID_H2_038,ID_H2_001A,ID_H2_037,ID_H2_152B,ID_H2_GR-03,ID_H2_GR-04,ID_H2_001A,ID_H2_001B,ID_H2_002,ID_H2_003,ID_H2_004,ID_H2_005A,ID_H2_005B,ID_H2_006,ID_H2_007,ID_H2_011A,ID_H2_011B,ID_H2_012,ID_H2_013,ID_H2_014,ID_H2_015,ID_H2_016,ID_H2_017A,ID_H2_017B,ID_H2_018A,ID_H2_018B,ID_H2_019,ID_H2_020,ID_H2_021,ID_H2_023,ID_H2_025,ID_H2_026,ID_H2_027A,ID_H2_027B,ID_H2_029,ID_H2_032,ID_H2_035,ID_H2_036,ID_H2_037,ID_H2_038,ID_H2_133,ID_H2_134A,ID_H2_134B,ID_H2_151,ID_H2_152A,ID_H2_152B,ID_H2_133,ID_H2_005B,ID_H2_006,ID_H2_012,ID_H2_003,ID_H2_152A,ID_H2_032,ID_H2_007,ID_H2_016,ID_H2_GR-01,ID_H2_GR-02,ID_H2_004,ID_H2_025,ID_H2_021,ID_H2_GR-04,ID_H2_011B,ID_H2_018A,ID_H2_151,ID_H2_011A,ID_H2_023,ID_H2_015,ID_H2_026,ID_H2_134A,ID_H2_GR-03,ID_H2_019,ID_H2_013","602,603,604,605,606,607,561,562,563,564,565,566,573,574,575,576,577,578,579,580,581,582,583,584,573,574,575,576,577,578,555,556,557,558,559,560,561,562,563,564,565,566,579,580,581,582,583,584",,"""""""Home 2 Suites - Springfield, OH_"""", """"Home 2 Suites - Springfield, OH_"""", """"Home 2 Suites - Springfield, OH_"""", """"Home 2 Suites - Springfield, OH_"""", """"Home 2 Suites - Springfield, OH_"""" - 12""","12,13,14,15,16",,,"""""""Home 2 Suites - Springfield, OH_"""", """"Home 2 Suites - Springfield, OH_"""", """"Home 2 Suites - Springfield, OH_"""", """"Home 2 Suites - Springfield, OH_"""", """"Home 2 Suites - Springfield, OH_"""""",""""""Home 2 Suites - Springfield, OH_"""", """"Home 2 Suites - Springfield, OH_"""", """"Home 2 Suites - Springfield, OH_"""", """"Home 2 Suites - Springfield, OH_"""", """"Home 2 Suites - Springfield, OH_"""""",""""""Home 2 Suites - Springfield, OH_"""", """"Home 2 Suites - Springfield, OH_"""", """"Home 2 Suites - Springfield, OH_"""", """"Home 2 Suites - Springfield, OH_"""", """"Home 2 Suites - Springfield, OH_"""""",""""""Home 2 Suites - Springfield, OH_"""", """"Home 2 Suites - Springfield, OH_"""", """"Home 2 Suites - Springfield, OH_"""", """"Home 2 Suites - Springfield, OH_"""", """"Home 2 Suites - Springfield, OH_"""""",""""""Home 2 Suites - Springfield, OH_"""", """"Home 2 Suites - Springfield, OH_"""", """"Home 2 Suites - Springfield, OH_"""", """"Home 2 Suites - Springfield, OH_"""", """"Home 2 Suites - Springfield, OH_"""""",""""""Home 2 Suites - Springfield, OH_"""", """"Home 2 Suites - Springfield, OH_"""", """"Home 2 Suites - Springfield, OH_"""", """"Home 2 Suites - Springfield, OH_"""", """"Home 2 Suites - Springfield, OH_"""""",""""""Home 2 Suites - Springfield, OH_"""", """"Home 2 Suites - Springfield, OH_"""", """"Home 2 Suites - Springfield, OH_"""", """"Home 2 Suites - Springfield, OH_"""", """"Home 2 Suites - Springfield, OH_""""""",reck3CbVJe8dIfk8p,,Quote V2.pdf (https://v5.airtableusercontent.com/v3/u/46/46/1761710400000/a6WqArN8YT1w5wRfqWdyXw/WB88t8ShfhsInT7LqDHUQDVlNlTvLFj3F3ugagByjQanbwG-Ahe1Ekr-utiXOHIVaKlGCo05L5Hd-_FsfkkLseDAotBzSl4rLqYLHqa-KmLR3vH0sXfnDvyErYxxMCx32hvmSIv8gxnxCw4-prULmyJyoDLSv58K5Xlr8u6o0cQ/QKoIzXqqk7FnhTR9iX-udNSYDF8YDzdg1OF-ikYOlUQ),,10/29/2025,https://airtable.com/appIBydxpXuSdssZW/pag51K34I43p0rTlc/reck3CbVJe8dIfk8p,1255.csv (https://v5.airtableusercontent.com/v3/u/46/46/1761710400000/NgOHG35GtI5Q-4JDqQlBlQ/V3wGIAkxEDjy07km0041wAIJKdpflf7LGEd341cLWh4hi3ADEu15k_JAdjXtBKVo_09O5h51eClB-ddqqMvlt2YuyTeyXwCm5ivpWs6qPb5IhuATPlneMevkaek2Zg2okqvM-iQpdaH3BANwU_3RoGDGALUutppQSNwnqP4tRY8/6yKcInCb8OU5sh6nQ9090mhZmyPJY8_71M1IU0zI5i8),Done,,,,,,,Automations,,,,"""Door: Solid Core Wood, Plastic Laminate "",""Frame: Hollow Metal, KD, (16 Gauge)"",""Door: Solid Core Wood, Plastic Laminate "",""Frame: Hollow Metal, KD, (16 Gauge)"",""Door: Solid Core Wood, Plastic Laminate "",""Frame: , Timely Frame, Pre-Finish, (18 Gauge)"",""Hardware: Hager, Cylindrical Passage, 2510 2-3/4 WTN ASA, US26D"",""Hardware: Hager, Closer, 5200 MLT ADJ 1-6 ALM BF, ALM"",""Hardware: Hager, Hinges, BB1279 4.5x4.5, US26D"",""Hardware: Pemko, Door Shoe, 2173DV35.625, Dark Bronze Aluminum"",""Door: Solid Core Wood, Plastic Laminate "",""Frame: , Timely Frame, Pre-Finish, (18 Gauge)"",""Hardware: Hager, Cylindrical Passage, 2510 2-3/4 WTN ASA, US26D"",""Hardware: Hager, Closer, 5200 MLT ADJ 1-6 ALM BF, ALM"",""Hardware: Hager, Hinges, BB1279 4.5x4.5, US26D"",""Hardware: Pemko, Door Shoe, 2173DV35.625, Dark Bronze Aluminum"",""Door: Solid Core Wood, Plastic Laminate "",""Frame: , Timely Frame, Pre-Finish, (18 Gauge)"",""Hardware: Hager, Cylindrical Passage, 2510 2-3/4 WTN ASA, US26D"",""Hardware: Hager, Closer, 5200 MLT ADJ 1-6 ALM BF, ALM"",""Hardware: Hager, Hinges, BB1279 4.5x4.5, US26D"",""Hardware: Pemko, Door Shoe, 2173DV35.625, Dark Bronze Aluminum"",""Door: Solid Core Wood, Plastic Laminate "",""Frame: , Timely Frame, Pre-Finish, (18 Gauge)"",""Hardware: Hager, Cylindrical Passage, 2510 2-3/4 WTN ASA, US26D"",""Hardware: Hager, Closer, 5200 MLT ADJ 1-6 ALM BF, ALM"",""Hardware: Hager, Hinges, BB1279 4.5x4.5, US26D"",""Hardware: Pemko, Door Shoe, 2173DV35.625, Dark Bronze Aluminum"",""Door: Solid Core Wood, Plastic Laminate "",""Frame: , Timely Frame, Pre-Finish, (18 Gauge)"",""Hardware: Hager, Cylindrical Passage, 2510 2-3/4 WTN ASA, US26D"",""Hardware: Hager, Closer, 5200 MLT ADJ 1-6 ALM BF, ALM"",""Hardware: Hager, Hinges, BB1279 4.5x4.5, US26D"",""Hardware: Pemko, Door Shoe, 2173DV35.625, Dark Bronze Aluminum"",""Door: Solid Core Wood, Plastic Laminate "",""Frame: , Timely Frame, Pre-Finish, (18 Gauge)"",""Hardware: Hager, Cylindrical Passage, 2510 2-3/4 WTN ASA, US26D"",""Hardware: Hager, Closer, 5200 MLT ADJ 1-6 ALM BF, ALM"",""Hardware: Hager, Hinges, BB1279 4.5x4.5, US26D"",""Hardware: Pemko, Door Shoe, 2173DV35.625, Dark Bronze Aluminum"",""Door: Solid Core Wood, Plastic Laminate "",""Frame: , Timely Frame, Pre-Finish, (18 Gauge)"",""Hardware: Hager, Cylindrical Passage, 2510 2-3/4 WTN ASA, US26D"",""Hardware: Hager, Closer, 5200 MLT ADJ 1-6 ALM BF, ALM"",""Hardware: Hager, Hinges, BB1279 4.5x4.5, US26D"",""Hardware: Pemko, Door Shoe, 2173DV35.625, Dark Bronze Aluminum"",""Door: Solid Core Wood, Plastic Laminate "",""Frame: , Timely Frame, Pre-Finish, (18 Gauge)"",""Hardware: Hager, Cylindrical Passage, 2510 2-3/4 WTN ASA, US26D"",""Hardware: Hager, Closer, 5200 MLT ADJ 1-6 ALM BF, ALM"",""Hardware: Hager, Hinges, BB1279 4.5x4.5, US26D"",""Hardware: Pemko, Door Shoe, 2173DV35.625, Dark Bronze Aluminum"",""Door: Solid Core Wood, Plastic Laminate "",""Frame: , Timely Frame, Pre-Finish, (18 Gauge)"",""Hardware: Hager, Cylindrical Passage, 2510 2-3/4 WTN ASA, US26D"",""Hardware: Hager, Closer, 5200 MLT ADJ 1-6 ALM BF, ALM"",""Hardware: Hager, Hinges, BB1279 4.5x4.5, US26D"",""Hardware: Pemko, Door Shoe, 2173DV35.625, Dark Bronze Aluminum"",""Door: Solid Core Wood, Plastic Laminate "",""Frame: , Timely Frame, Pre-Finish, (18 Gauge)"",""Hardware: Hager, Cylindrical Passage, 2510 2-3/4 WTN ASA, US26D"",""Hardware: Hager, Closer, 5200 MLT ADJ 1-6 ALM BF, ALM"",""Hardware: Hager, Hinges, BB1279 4.5x4.5, US26D"",""Hardware: Pemko, Door Shoe, 2173DV35.625, Dark Bronze Aluminum"",""Door: Solid Core Wood, Plastic Laminate "",""Frame: , Timely Frame, Pre-Finish, (18 Gauge)"",""Hardware: Hager, Cylindrical Passage, 2510 2-3/4 WTN ASA, US26D"",""Hardware: Hager, Closer, 5200 MLT ADJ 1-6 ALM BF, ALM"",""Hardware: Hager, Hinges, BB1279 4.5x4.5, US26D"",""Hardware: Pemko, Door Shoe, 2173DV35.625, Dark Bronze Aluminum"",""Door: Solid Core Wood, Plastic Laminate "",""Frame: , Timely Frame, Pre-Finish, (18 Gauge)"",""Hardware: Hager, Cylindrical Passage, 2510 2-3/4 WTN ASA, US26D"",""Hardware: Hager, Closer, 5200 MLT ADJ 1-6 ALM BF, ALM"",""Hardware: Hager, Hinges, BB1279 4.5x4.5, US26D"",""Hardware: Pemko, Door Shoe, 2173DV35.625, Dark Bronze Aluminum""",,14,,,,,"""Home 2 Suites - Springfield, OH_"",""Home 2 Suites - Springfield, OH_"",""Home 2 Suites - Springfield, OH_""","""Home 2 Suites - Springfield, OH_""",8/5/2025 3:37pm
"Home 2 Suites - Springfield, OH_","Home 2 Suites - Springfield, OH",Eitzah,,,35%,$230010.20,,,,"509,510,511,512,513,514,515,516,517,518,519,520,521,522,523,524,525,526,527,528,529,530,531,532,533,534,535,536,537,538,539,540,541,542,543,544,545,546,547,548,549,550,551,552,553,554,555,556,557,558,559,560,561,562,563,564,565,566,567,568,569,570,571,572,573,574,575,576,577,578,579,580,581,582,583,584","ID_H2_GR-01,ID_H2_GR-02,ID_H2_GR-03,ID_H2_GR-03,ID_H2_GR-04,ID_H2_001A,ID_H2_001B,ID_H2_002,ID_H2_003,ID_H2_004,ID_H2_005A,ID_H2_005B,ID_H2_006,ID_H2_007,ID_H2_011A,ID_H2_011B,ID_H2_012,ID_H2_013,ID_H2_014,ID_H2_015,ID_H2_016,ID_H2_017A,ID_H2_017B,ID_H2_018A,ID_H2_018B,ID_H2_019,ID_H2_020,ID_H2_021,ID_H2_023,ID_H2_025,ID_H2_026,ID_H2_027A,ID_H2_027B,ID_H2_029,ID_H2_032,ID_H2_035,ID_H2_036,ID_H2_037,ID_H2_038,ID_H2_133,ID_H2_134A,ID_H2_134B,ID_H2_151,ID_H2_152A,ID_H2_152B,ID_H2_020,ID_H2_005A,ID_H2_036,ID_H2_134B,ID_H2_017B,ID_H2_014,ID_H2_035,ID_H2_GR-03,ID_H2_001B,ID_H2_002,ID_H2_018B,ID_H2_027B,ID_H2_017A,ID_H2_029,ID_H2_027A,ID_H2_038,ID_H2_001A,ID_H2_037,ID_H2_152B,ID_H2_133,ID_H2_005B,ID_H2_006,ID_H2_GR-03,ID_H2_GR-04,ID_H2_001A,ID_H2_001B,ID_H2_002,ID_H2_003,ID_H2_004,ID_H2_005A,ID_H2_005B,ID_H2_006,ID_H2_007,ID_H2_011A,ID_H2_011B,ID_H2_012,ID_H2_013,ID_H2_014,ID_H2_015,ID_H2_016,ID_H2_017A,ID_H2_017B,ID_H2_018A,ID_H2_018B,ID_H2_019,ID_H2_020,ID_H2_021,ID_H2_023,ID_H2_025,ID_H2_026,ID_H2_027A,ID_H2_027B,ID_H2_029,ID_H2_032,ID_H2_035,ID_H2_036,ID_H2_037,ID_H2_038,ID_H2_133,ID_H2_134A,ID_H2_134B,ID_H2_151,ID_H2_152A,ID_H2_152B,ID_H2_012,ID_H2_003,ID_H2_152A,ID_H2_032,ID_H2_007,ID_H2_016,ID_H2_GR-01,ID_H2_GR-02,ID_H2_004,ID_H2_025,ID_H2_021,ID_H2_GR-04,ID_H2_011B,ID_H2_018A,ID_H2_151,ID_H2_011A,ID_H2_023,ID_H2_015,ID_H2_026,ID_H2_134A,ID_H2_GR-03,ID_H2_019,ID_H2_013","602,603,604,605,606,607,561,562,563,564,565,566,573,574,575,576,577,578,579,580,581,582,583,584,573,574,575,576,577,578,555,556,557,558,559,560,561,562,563,564,565,566,579,580,581,582,583,584",,"""""""Home 2 Suites - Springfield, OH_"""", """"Home 2 Suites - Springfield, OH_"""", """"Home 2 Suites - Springfield, OH_"""", """"Home 2 Suites - Springfield, OH_"""", """"Home 2 Suites - Springfield, OH_"""" - 12""","12,13,14,15,16",,,"""""""Home 2 Suites - Springfield, OH_"""", """"Home 2 Suites - Springfield, OH_"""", """"Home 2 Suites - Springfield, OH_"""", """"Home 2 Suites - Springfield, OH_"""", """"Home 2 Suites - Springfield, OH_"""""",""""""Home 2 Suites - Springfield, OH_"""", """"Home 2 Suites - Springfield, OH_"""", """"Home 2 Suites - Springfield, OH_"""", """"Home 2 Suites - Springfield, OH_"""", """"Home 2 Suites - Springfield, OH_"""""",""""""Home 2 Suites - Springfield, OH_"""", """"Home 2 Suites - Springfield, OH_"""", """"Home 2 Suites - Springfield, OH_"""", """"Home 2 Suites - Springfield, OH_"""", """"Home 2 Suites - Springfield, OH_"""""",""""""Home 2 Suites - Springfield, OH_"""", """"Home 2 Suites - Springfield, OH_"""", """"Home 2 Suites - Springfield, OH_"""", """"Home 2 Suites - Springfield, OH_"""", """"Home 2 Suites - Springfield, OH_"""""",""""""Home 2 Suites - Springfield, OH_"""", """"Home 2 Suites - Springfield, OH_"""", """"Home 2 Suites - Springfield, OH_"""", """"Home 2 Suites - Springfield, OH_"""", """"Home 2 Suites - Springfield, OH_"""""",""""""Home 2 Suites - Springfield, OH_"""", """"Home 2 Suites - Springfield, OH_"""", """"Home 2 Suites - Springfield, OH_"""", """"Home 2 Suites - Springfield, OH_"""", """"Home 2 Suites - Springfield, OH_"""""",""""""Home 2 Suites - Springfield, OH_"""", """"Home 2 Suites - Springfield, OH_"""", """"Home 2 Suites - Springfield, OH_"""", """"Home 2 Suites - Springfield, OH_"""", """"Home 2 Suites - Springfield, OH_""""""",recxMWDIwvMSsEzRm,,Quote V2.pdf (https://v5.airtableusercontent.com/v3/u/46/46/1761710400000/a6WqArN8YT1w5wRfqWdyXw/WB88t8ShfhsInT7LqDHUQDVlNlTvLFj3F3ugagByjQanbwG-Ahe1Ekr-utiXOHIVaKlGCo05L5Hd-_FsfkkLseDAotBzSl4rLqYLHqa-KmLR3vH0sXfnDvyErYxxMCx32hvmSIv8gxnxCw4-prULmyJyoDLSv58K5Xlr8u6o0cQ/QKoIzXqqk7FnhTR9iX-udNSYDF8YDzdg1OF-ikYOlUQ),,10/29/2025,https://airtable.com/appIBydxpXuSdssZW/pag51K34I43p0rTlc/recxMWDIwvMSsEzRm,1255.csv (https://v5.airtableusercontent.com/v3/u/46/46/1761710400000/UiJiZsEIXanJZZ6AC-xjag/j6UCjQ0tytawEijtxNmRxvyw9QI-rbdo_d9xO6aM0iqGE7tedRPFC4zCNHPeNZ2pbtb7mwZI6Wp_LUKnDQsApyWvUic6jRCv6KJ1jbF25FKfLZxNxT_0UpbYkoEQ_N2B-W6n6yCV_NHAZbospDjEi7xCrLhhzG8qiwN6KSz-WUA/rdZG7NyGFjZ66uMo91-LTbApbJfHLT9ylEogT8IbQ3E),Done,,,,,,,Automations,,,,"""Door: Solid Core Wood, Plastic Laminate "",""Frame: Hollow Metal, KD, (16 Gauge)"",""Door: Solid Core Wood, Plastic Laminate "",""Frame: Hollow Metal, KD, (16 Gauge)"",""Door: Solid Core Wood, Plastic Laminate "",""Frame: , Timely Frame, Pre-Finish, (18 Gauge)"",""Hardware: Hager, Cylindrical Passage, 2510 2-3/4 WTN ASA, US26D"",""Hardware: Hager, Closer, 5200 MLT ADJ 1-6 ALM BF, ALM"",""Hardware: Hager, Hinges, BB1279 4.5x4.5, US26D"",""Hardware: Pemko, Door Shoe, 2173DV35.625, Dark Bronze Aluminum"",""Door: Solid Core Wood, Plastic Laminate "",""Frame: , Timely Frame, Pre-Finish, (18 Gauge)"",""Hardware: Hager, Cylindrical Passage, 2510 2-3/4 WTN ASA, US26D"",""Hardware: Hager, Closer, 5200 MLT ADJ 1-6 ALM BF, ALM"",""Hardware: Hager, Hinges, BB1279 4.5x4.5, US26D"",""Hardware: Pemko, Door Shoe, 2173DV35.625, Dark Bronze Aluminum"",""Door: Solid Core Wood, Plastic Laminate "",""Frame: , Timely Frame, Pre-Finish, (18 Gauge)"",""Hardware: Hager, Cylindrical Passage, 2510 2-3/4 WTN ASA, US26D"",""Hardware: Hager, Closer, 5200 MLT ADJ 1-6 ALM BF, ALM"",""Hardware: Hager, Hinges, BB1279 4.5x4.5, US26D"",""Hardware: Pemko, Door Shoe, 2173DV35.625, Dark Bronze Aluminum"",""Door: Solid Core Wood, Plastic Laminate "",""Frame: , Timely Frame, Pre-Finish, (18 Gauge)"",""Hardware: Hager, Cylindrical Passage, 2510 2-3/4 WTN ASA, US26D"",""Hardware: Hager, Closer, 5200 MLT ADJ 1-6 ALM BF, ALM"",""Hardware: Hager, Hinges, BB1279 4.5x4.5, US26D"",""Hardware: Pemko, Door Shoe, 2173DV35.625, Dark Bronze Aluminum"",""Door: Solid Core Wood, Plastic Laminate "",""Frame: , Timely Frame, Pre-Finish, (18 Gauge)"",""Hardware: Hager, Cylindrical Passage, 2510 2-3/4 WTN ASA, US26D"",""Hardware: Hager, Closer, 5200 MLT ADJ 1-6 ALM BF, ALM"",""Hardware: Hager, Hinges, BB1279 4.5x4.5, US26D"",""Hardware: Pemko, Door Shoe, 2173DV35.625, Dark Bronze Aluminum"",""Door: Solid Core Wood, Plastic Laminate "",""Frame: , Timely Frame, Pre-Finish, (18 Gauge)"",""Hardware: Hager, Cylindrical Passage, 2510 2-3/4 WTN ASA, US26D"",""Hardware: Hager, Closer, 5200 MLT ADJ 1-6 ALM BF, ALM"",""Hardware: Hager, Hinges, BB1279 4.5x4.5, US26D"",""Hardware: Pemko, Door Shoe, 2173DV35.625, Dark Bronze Aluminum"",""Door: Solid Core Wood, Plastic Laminate "",""Frame: , Timely Frame, Pre-Finish, (18 Gauge)"",""Hardware: Hager, Cylindrical Passage, 2510 2-3/4 WTN ASA, US26D"",""Hardware: Hager, Closer, 5200 MLT ADJ 1-6 ALM BF, ALM"",""Hardware: Hager, Hinges, BB1279 4.5x4.5, US26D"",""Hardware: Pemko, Door Shoe, 2173DV35.625, Dark Bronze Aluminum"",""Door: Solid Core Wood, Plastic Laminate "",""Frame: , Timely Frame, Pre-Finish, (18 Gauge)"",""Hardware: Hager, Cylindrical Passage, 2510 2-3/4 WTN ASA, US26D"",""Hardware: Hager, Closer, 5200 MLT ADJ 1-6 ALM BF, ALM"",""Hardware: Hager, Hinges, BB1279 4.5x4.5, US26D"",""Hardware: Pemko, Door Shoe, 2173DV35.625, Dark Bronze Aluminum"",""Door: Solid Core Wood, Plastic Laminate "",""Frame: , Timely Frame, Pre-Finish, (18 Gauge)"",""Hardware: Hager, Cylindrical Passage, 2510 2-3/4 WTN ASA, US26D"",""Hardware: Hager, Closer, 5200 MLT ADJ 1-6 ALM BF, ALM"",""Hardware: Hager, Hinges, BB1279 4.5x4.5, US26D"",""Hardware: Pemko, Door Shoe, 2173DV35.625, Dark Bronze Aluminum"",""Door: Solid Core Wood, Plastic Laminate "",""Frame: , Timely Frame, Pre-Finish, (18 Gauge)"",""Hardware: Hager, Cylindrical Passage, 2510 2-3/4 WTN ASA, US26D"",""Hardware: Hager, Closer, 5200 MLT ADJ 1-6 ALM BF, ALM"",""Hardware: Hager, Hinges, BB1279 4.5x4.5, US26D"",""Hardware: Pemko, Door Shoe, 2173DV35.625, Dark Bronze Aluminum"",""Door: Solid Core Wood, Plastic Laminate "",""Frame: , Timely Frame, Pre-Finish, (18 Gauge)"",""Hardware: Hager, Cylindrical Passage, 2510 2-3/4 WTN ASA, US26D"",""Hardware: Hager, Closer, 5200 MLT ADJ 1-6 ALM BF, ALM"",""Hardware: Hager, Hinges, BB1279 4.5x4.5, US26D"",""Hardware: Pemko, Door Shoe, 2173DV35.625, Dark Bronze Aluminum"",""Door: Solid Core Wood, Plastic Laminate "",""Frame: , Timely Frame, Pre-Finish, (18 Gauge)"",""Hardware: Hager, Cylindrical Passage, 2510 2-3/4 WTN ASA, US26D"",""Hardware: Hager, Closer, 5200 MLT ADJ 1-6 ALM BF, ALM"",""Hardware: Hager, Hinges, BB1279 4.5x4.5, US26D"",""Hardware: Pemko, Door Shoe, 2173DV35.625, Dark Bronze Aluminum""",,14,,,,,"""Home 2 Suites - Springfield, OH_"",""Home 2 Suites - Springfield, OH_""","""Home 2 Suites - Springfield, OH_"",""Home 2 Suites - Springfield, OH_""",8/5/2025 3:37pm
"Home 2 Suites - Springfield, OH_","Home 2 Suites - Springfield, OH",Eitzah,,,35%,$230010.20,,,,"509,510,511,512,513,514,515,516,517,518,519,520,521,522,523,524,525,526,527,528,529,530,531,532,533,534,535,536,537,538,539,540,541,542,543,544,545,546,547,548,549,550,551,552,553,554,555,556,557,558,559,560,561,562,563,564,565,566,567,568,569,570,571,572,573,574,575,576,577,578,579,580,581,582,583,584","ID_H2_GR-01,ID_H2_GR-02,ID_H2_GR-03,ID_H2_GR-03,ID_H2_GR-04,ID_H2_001A,ID_H2_001B,ID_H2_002,ID_H2_003,ID_H2_004,ID_H2_005A,ID_H2_005B,ID_H2_006,ID_H2_007,ID_H2_011A,ID_H2_011B,ID_H2_012,ID_H2_013,ID_H2_014,ID_H2_015,ID_H2_016,ID_H2_017A,ID_H2_017B,ID_H2_018A,ID_H2_018B,ID_H2_019,ID_H2_020,ID_H2_021,ID_H2_023,ID_H2_025,ID_H2_026,ID_H2_027A,ID_H2_027B,ID_H2_029,ID_H2_032,ID_H2_035,ID_H2_036,ID_H2_037,ID_H2_038,ID_H2_133,ID_H2_134A,ID_H2_134B,ID_H2_151,ID_H2_152A,ID_H2_152B,ID_H2_020,ID_H2_005A,ID_H2_036,ID_H2_134B,ID_H2_017B,ID_H2_014,ID_H2_035,ID_H2_GR-03,ID_H2_001B,ID_H2_002,ID_H2_018B,ID_H2_027B,ID_H2_017A,ID_H2_029,ID_H2_027A,ID_H2_038,ID_H2_001A,ID_H2_037,ID_H2_GR-03,ID_H2_GR-04,ID_H2_001A,ID_H2_001B,ID_H2_002,ID_H2_003,ID_H2_004,ID_H2_005A,ID_H2_005B,ID_H2_006,ID_H2_007,ID_H2_011A,ID_H2_011B,ID_H2_012,ID_H2_013,ID_H2_014,ID_H2_015,ID_H2_016,ID_H2_017A,ID_H2_017B,ID_H2_018A,ID_H2_018B,ID_H2_019,ID_H2_020,ID_H2_021,ID_H2_023,ID_H2_025,ID_H2_026,ID_H2_027A,ID_H2_027B,ID_H2_029,ID_H2_032,ID_H2_035,ID_H2_036,ID_H2_037,ID_H2_038,ID_H2_133,ID_H2_134A,ID_H2_134B,ID_H2_151,ID_H2_152A,ID_H2_152B,ID_H2_152B,ID_H2_133,ID_H2_005B,ID_H2_006,ID_H2_012,ID_H2_003,ID_H2_152A,ID_H2_032,ID_H2_007,ID_H2_016,ID_H2_GR-01,ID_H2_GR-02,ID_H2_004,ID_H2_025,ID_H2_021,ID_H2_GR-04,ID_H2_011B,ID_H2_018A,ID_H2_151,ID_H2_011A,ID_H2_023,ID_H2_015,ID_H2_026,ID_H2_134A,ID_H2_GR-03,ID_H2_019,ID_H2_013","602,603,604,605,606,607,561,562,563,564,565,566,573,574,575,576,577,578,579,580,581,582,583,584,573,574,575,576,577,578,555,556,557,558,559,560,561,562,563,564,565,566,579,580,581,582,583,584",,"""""""Home 2 Suites - Springfield, OH_"""", """"Home 2 Suites - Springfield, OH_"""", """"Home 2 Suites - Springfield, OH_"""", """"Home 2 Suites - Springfield, OH_"""", """"Home 2 Suites - Springfield, OH_"""" - 12""","12,13,14,15,16",,,"""""""Home 2 Suites - Springfield, OH_"""", """"Home 2 Suites - Springfield, OH_"""", """"Home 2 Suites - Springfield, OH_"""", """"Home 2 Suites - Springfield, OH_"""", """"Home 2 Suites - Springfield, OH_"""""",""""""Home 2 Suites - Springfield, OH_"""", """"Home 2 Suites - Springfield, OH_"""", """"Home 2 Suites - Springfield, OH_"""", """"Home 2 Suites - Springfield, OH_"""", """"Home 2 Suites - Springfield, OH_"""""",""""""Home 2 Suites - Springfield, OH_"""", """"Home 2 Suites - Springfield, OH_"""", """"Home 2 Suites - Springfield, OH_"""", """"Home 2 Suites - Springfield, OH_"""", """"Home 2 Suites - Springfield, OH_"""""",""""""Home 2 Suites - Springfield, OH_"""", """"Home 2 Suites - Springfield, OH_"""", """"Home 2 Suites - Springfield, OH_"""", """"Home 2 Suites - Springfield, OH_"""", """"Home 2 Suites - Springfield, OH_"""""",""""""Home 2 Suites - Springfield, OH_"""", """"Home 2 Suites - Springfield, OH_"""", """"Home 2 Suites - Springfield, OH_"""", """"Home 2 Suites - Springfield, OH_"""", """"Home 2 Suites - Springfield, OH_"""""",""""""Home 2 Suites - Springfield, OH_"""", """"Home 2 Suites - Springfield, OH_"""", """"Home 2 Suites - Springfield, OH_"""", """"Home 2 Suites - Springfield, OH_"""", """"Home 2 Suites - Springfield, OH_"""""",""""""Home 2 Suites - Springfield, OH_"""", """"Home 2 Suites - Springfield, OH_"""", """"Home 2 Suites - Springfield, OH_"""", """"Home 2 Suites - Springfield, OH_"""", """"Home 2 Suites - Springfield, OH_""""""",recKjmO5Y02xfsnh1,,Quote V2.pdf (https://v5.airtableusercontent.com/v3/u/46/46/1761710400000/a6WqArN8YT1w5wRfqWdyXw/WB88t8ShfhsInT7LqDHUQDVlNlTvLFj3F3ugagByjQanbwG-Ahe1Ekr-utiXOHIVaKlGCo05L5Hd-_FsfkkLseDAotBzSl4rLqYLHqa-KmLR3vH0sXfnDvyErYxxMCx32hvmSIv8gxnxCw4-prULmyJyoDLSv58K5Xlr8u6o0cQ/QKoIzXqqk7FnhTR9iX-udNSYDF8YDzdg1OF-ikYOlUQ),,10/29/2025,https://airtable.com/appIBydxpXuSdssZW/pag51K34I43p0rTlc/recKjmO5Y02xfsnh1,1255.csv (https://v5.airtableusercontent.com/v3/u/46/46/1761710400000/m89elXRxvoTmQcYIjpmFkg/RILEiTE8vW45rhkcOUxcCWfJ46tTWG_FtEi8dPM3umJGsce3p9P4clFo2gqYSYh4-7OZN1kVePS1U2_SXGLIg5athsA9NwFLydTsElGD1vmD4N6RmMd3J-UC-Cl-eUupm8MKK1rvPm5SFHBFs819kCXcZwit6bjkRLVTHcygCds/FME3gITM4R313zjFBxJYcd9C0kIkx9Ta00-W-aJwKws),Done,,,,,,,Automations,,,,"""Door: Solid Core Wood, Plastic Laminate "",""Frame: Hollow Metal, KD, (16 Gauge)"",""Door: Solid Core Wood, Plastic Laminate "",""Frame: Hollow Metal, KD, (16 Gauge)"",""Door: Solid Core Wood, Plastic Laminate "",""Frame: , Timely Frame, Pre-Finish, (18 Gauge)"",""Hardware: Hager, Cylindrical Passage, 2510 2-3/4 WTN ASA, US26D"",""Hardware: Hager, Closer, 5200 MLT ADJ 1-6 ALM BF, ALM"",""Hardware: Hager, Hinges, BB1279 4.5x4.5, US26D"",""Hardware: Pemko, Door Shoe, 2173DV35.625, Dark Bronze Aluminum"",""Door: Solid Core Wood, Plastic Laminate "",""Frame: , Timely Frame, Pre-Finish, (18 Gauge)"",""Hardware: Hager, Cylindrical Passage, 2510 2-3/4 WTN ASA, US26D"",""Hardware: Hager, Closer, 5200 MLT ADJ 1-6 ALM BF, ALM"",""Hardware: Hager, Hinges, BB1279 4.5x4.5, US26D"",""Hardware: Pemko, Door Shoe, 2173DV35.625, Dark Bronze Aluminum"",""Door: Solid Core Wood, Plastic Laminate "",""Frame: , Timely Frame, Pre-Finish, (18 Gauge)"",""Hardware: Hager, Cylindrical Passage, 2510 2-3/4 WTN ASA, US26D"",""Hardware: Hager, Closer, 5200 MLT ADJ 1-6 ALM BF, ALM"",""Hardware: Hager, Hinges, BB1279 4.5x4.5, US26D"",""Hardware: Pemko, Door Shoe, 2173DV35.625, Dark Bronze Aluminum"",""Door: Solid Core Wood, Plastic Laminate "",""Frame: , Timely Frame, Pre-Finish, (18 Gauge)"",""Hardware: Hager, Cylindrical Passage, 2510 2-3/4 WTN ASA, US26D"",""Hardware: Hager, Closer, 5200 MLT ADJ 1-6 ALM BF, ALM"",""Hardware: Hager, Hinges, BB1279 4.5x4.5, US26D"",""Hardware: Pemko, Door Shoe, 2173DV35.625, Dark Bronze Aluminum"",""Door: Solid Core Wood, Plastic Laminate "",""Frame: , Timely Frame, Pre-Finish, (18 Gauge)"",""Hardware: Hager, Cylindrical Passage, 2510 2-3/4 WTN ASA, US26D"",""Hardware: Hager, Closer, 5200 MLT ADJ 1-6 ALM BF, ALM"",""Hardware: Hager, Hinges, BB1279 4.5x4.5, US26D"",""Hardware: Pemko, Door Shoe, 2173DV35.625, Dark Bronze Aluminum"",""Door: Solid Core Wood, Plastic Laminate "",""Frame: , Timely Frame, Pre-Finish, (18 Gauge)"",""Hardware: Hager, Cylindrical Passage, 2510 2-3/4 WTN ASA, US26D"",""Hardware: Hager, Closer, 5200 MLT ADJ 1-6 ALM BF, ALM"",""Hardware: Hager, Hinges, BB1279 4.5x4.5, US26D"",""Hardware: Pemko, Door Shoe, 2173DV35.625, Dark Bronze Aluminum"",""Door: Solid Core Wood, Plastic Laminate "",""Frame: , Timely Frame, Pre-Finish, (18 Gauge)"",""Hardware: Hager, Cylindrical Passage, 2510 2-3/4 WTN ASA, US26D"",""Hardware: Hager, Closer, 5200 MLT ADJ 1-6 ALM BF, ALM"",""Hardware: Hager, Hinges, BB1279 4.5x4.5, US26D"",""Hardware: Pemko, Door Shoe, 2173DV35.625, Dark Bronze Aluminum"",""Door: Solid Core Wood, Plastic Laminate "",""Frame: , Timely Frame, Pre-Finish, (18 Gauge)"",""Hardware: Hager, Cylindrical Passage, 2510 2-3/4 WTN ASA, US26D"",""Hardware: Hager, Closer, 5200 MLT ADJ 1-6 ALM BF, ALM"",""Hardware: Hager, Hinges, BB1279 4.5x4.5, US26D"",""Hardware: Pemko, Door Shoe, 2173DV35.625, Dark Bronze Aluminum"",""Door: Solid Core Wood, Plastic Laminate "",""Frame: , Timely Frame, Pre-Finish, (18 Gauge)"",""Hardware: Hager, Cylindrical Passage, 2510 2-3/4 WTN ASA, US26D"",""Hardware: Hager, Closer, 5200 MLT ADJ 1-6 ALM BF, ALM"",""Hardware: Hager, Hinges, BB1279 4.5x4.5, US26D"",""Hardware: Pemko, Door Shoe, 2173DV35.625, Dark Bronze Aluminum"",""Door: Solid Core Wood, Plastic Laminate "",""Frame: , Timely Frame, Pre-Finish, (18 Gauge)"",""Hardware: Hager, Cylindrical Passage, 2510 2-3/4 WTN ASA, US26D"",""Hardware: Hager, Closer, 5200 MLT ADJ 1-6 ALM BF, ALM"",""Hardware: Hager, Hinges, BB1279 4.5x4.5, US26D"",""Hardware: Pemko, Door Shoe, 2173DV35.625, Dark Bronze Aluminum"",""Door: Solid Core Wood, Plastic Laminate "",""Frame: , Timely Frame, Pre-Finish, (18 Gauge)"",""Hardware: Hager, Cylindrical Passage, 2510 2-3/4 WTN ASA, US26D"",""Hardware: Hager, Closer, 5200 MLT ADJ 1-6 ALM BF, ALM"",""Hardware: Hager, Hinges, BB1279 4.5x4.5, US26D"",""Hardware: Pemko, Door Shoe, 2173DV35.625, Dark Bronze Aluminum"",""Door: Solid Core Wood, Plastic Laminate "",""Frame: , Timely Frame, Pre-Finish, (18 Gauge)"",""Hardware: Hager, Cylindrical Passage, 2510 2-3/4 WTN ASA, US26D"",""Hardware: Hager, Closer, 5200 MLT ADJ 1-6 ALM BF, ALM"",""Hardware: Hager, Hinges, BB1279 4.5x4.5, US26D"",""Hardware: Pemko, Door Shoe, 2173DV35.625, Dark Bronze Aluminum""",,14,,,,,"""Home 2 Suites - Springfield, OH_""","""Home 2 Suites - Springfield, OH_"",""Home 2 Suites - Springfield, OH_"",""Home 2 Suites - Springfield, OH_""",8/5/2025 3:37pm